created,shop_name,menu_name,extender_menu,price
,노랑통닭,3종세트(후라이드+양념+깐풍),세트메뉴,18000
,노랑통닭,웰빙파닭(후라이드+양념),세트메뉴,18000
,노랑통닭,웰빙파닭(후라이드+깐풍기),세트메뉴,18000
,노랑통닭,웰빙파닭(양념+깐풍기),세트메뉴,19000
,노랑통닭,후라이드치킨(뼈or순살),치킨,16000
,노랑통닭,양념치킨(뼈or순살),치킨,17000
,노랑통닭,깐풍치킨(뼈or순살),치킨,17000
,노랑통닭,매콤후라이드,치킨,17000
,노랑통닭,똥집감자튀김,사이드메뉴,10000
,노랑통닭,깐풍똥집,사이드메뉴,12000
,노랑통닭,생맥500cc,음료,3000
,노랑통닭,생맥1700cc,음료,10000
,노랑통닭,소주,음료,3000
,노랑통닭,병맥주,음료,4000
,노랑통닭,콜라/사이다(중),음료,1500
,노랑통닭,콜라/사이다(대),음료,2500
,까분닭,순살1가지선택(깐풍닭or탕수닭or튀김닭or양념닭or간장닭) + 콜라500ml,세트메뉴,11000
,까분닭,순살2가지선택(깐풍닭or탕수닭or튀김닭or양념닭or간장닭) + 콜라1.25L,세트메뉴,17000
,까분닭,순살3가지선택(깐풍닭or탕수닭or튀김닭or양념닭or간장닭) + 콜라1.25L,세트메뉴,25000
,까분닭,안동찜닭,치킨,18000
,까분닭,닭도리탕,치킨,18000
,네네치킨,후라이드반+양념반윙봉(마일드or핫),세트메뉴,16000
,네네치킨,후라이드반+양념반윙봉20조각(마일드or핫),세트메뉴,17000
,네네치킨,닭다리반(4조각)+닭날개반(5조각)(마일드or핫),세트메뉴,17000
,네네치킨,골드링양파닭(오리지널),치킨,18000
,네네치킨,골드링양파닭(순살),치킨,20000
,네네치킨,닭다리(마일드or핫),치킨,17000
,네네치킨,닭날개(마일드or핫),치킨,17000
,네네치킨,참나무훈제치킨,치킨,15000
,네네치킨,네네흑임자치킨,치킨,20000
,네네치킨,네네마늘치킨(오리지날),치킨,17000
,네네치킨,네네마늘치킨(순살),치킨,19000
,네네치킨,네네순살닭강정,치킨,18000
,네네치킨,스노윙치킨야채(오리지날),치킨,17000
,네네치킨,스노윙치킨야채(순살),치킨,19000
,네네치킨,스노윙치킨치즈(오리지날),치킨,17000
,네네치킨,스노윙치킨치즈(순살),치킨,19000
,네네치킨,오리엔탈파닭(오리지날),치킨,17000
,네네치킨,오리엔탈파닭(순살),치킨,19000
,네네치킨,쇼킹핫양념치킨(오리지날),치킨,17000
,네네치킨,쇼킹핫양념치킨(순살),치킨,19000
,네네치킨,후라이드치킨(오리지날)(마일드or핫),치킨,15000
,네네치킨,후라이드치킨(순살)(마일드or핫),치킨,17000
,네네치킨,양념치킨,치킨,16000
,네네치킨,후닭(마일드or핫),치킨,16000
,네네치킨,후닭윙봉(마일드or핫),치킨,18000
,네네치킨,네네스위틱,사이드메뉴,3000
,네네치킨,후닭(순살)(마일드or핫),치킨,18000
,BHC치킨,맛초킹,치킨,17000
,BHC치킨,맛초킹윙,치킨,17000
,BHC치킨,쏘스에무쵸,치킨,18000
,BHC치킨,쇼스에무쵸핫,치킨,18000
,BHC치킨,뿌링클,치킨,17000
,BHC치킨,뿌링클핫,치킨,18000
,BHC치킨,바삭클,치킨,15000
,BHC치킨,프리미엄텐더요레요레(애플or레몬),치킨,17000
,BHC치킨,별코치,치킨,18000
,BHC치킨,치킨강정한마리,치킨,18000
,BHC치킨,순살떡감정(매콤or달콤),치킨,19500
,BHC치킨,순살치킨강정(매콤or달콤),치킨,19000
,BHC치킨,"""순살파닭(간장,겨자,파추가시1000원)""",치킨,19500
,BHC치킨,매운닭날개구이,치킨,15000
,BHC치킨,순살뿌링클,치킨,19000
,BHC치킨,순살뿌링클핫,치킨,19900
,BHC치킨,순살바삭클,치킨,18000
,BHC치킨,후라이드치킨,치킨,15000
,BHC치킨,핫후라이드치킨,치킨,16000
,BHC치킨,닭날개후라이드,치킨,17000
,BHC치킨,닭다리후라이드치킨(8조각),치킨,17000
,BHC치킨,양념치킨,치킨,16000
,BHC치킨,매운맛양념치킨,치킨,17000
,BHC치킨,반반치킨(후라이드반+양념반),치킨,16000
,BHC치킨,루팡치킨한마리,치킨,18000
,BHC치킨,루팡치킨날개,치킨,18000
,BHC치킨,간장골드한마리,치킨,16000
,BHC치킨,간장골드윙,치킨,17000
,BHC치킨,간장골드닭다리,치킨,17000
,BHC치킨,간장골드다리윙,치킨,17000
,BHC치킨,달콤바삭치즈볼(5개),사이드메뉴,5000
,BHC치킨,케이준프라이,사이드메뉴,3000
,BHC치킨,뿌링콜팝,사이드메뉴,3500
,BHC치킨,왕콜팝,사이드메뉴,4000
,BHC치킨,미니콜팝,사이드메뉴,3000
,BHC치킨,커리퀸,치킨,17000
,BHC치킨,순살커리퀸,치킨,19000
,BHC치킨,뿌링치즈스틱,사이드메뉴,4000
,BHC치킨,리코타치즈샐러드,사이드메뉴,7000
,BHC치킨,케이준프라이,사이드메뉴,3000
,BHC치킨,뿌링뿌링소스,사이드메뉴,1500
,BHC치킨,콜팝치킨,사이드메뉴,3000
,송유리 치킨&피자샵,SET1)후라이드치킨(大)+콤비네이션피자R+콜라500ml+쿠폰,세트메뉴,17000
,송유리 치킨&피자샵,SET2)양념치킨(大)+콤비네이션피자R+콜라500ml+쿠폰,세트메뉴,18000
,송유리 치킨&피자샵,SET3)순살치킨(大)+콤비네이션피자R+콜라500ml+쿠폰,세트메뉴,17000
,송유리 치킨&피자샵,SET4)순살양념치킨(大)+콤비네이션피자R+콜라500ml+쿠폰,세트메뉴,18000
,송유리 치킨&피자샵,SET5)다리치킨(大)+콤비네이션피자R+콜라500ml+쿠폰,세트메뉴,19000
,송유리 치킨&피자샵,SET6)날개치킨(大)+콤비네이션피자R+콜라500ml+쿠폰,세트메뉴,19000
,송유리 치킨&피자샵,SET7)다리+날개치킨(大)+콤비네이션피자R+콜라500ml+쿠폰,세트메뉴,19000
,송유리 치킨&피자샵,SET8)간장치킨(大)+콤비네이션피자R+콜라500ML+쿠폰,세트메뉴,19000
,송유리 치킨&피자샵,순살두마리치킨(후라이드+양념)+콜라(大),세트메뉴,19000
,송유리 치킨&피자샵,후라이드치킨+콤비네이션피자(L)+콜라(大),세트메뉴,20500
,송유리 치킨&피자샵,후라이드치킨+치즈크러스트(L)+콜라(大),세트메뉴,22000
,송유리 치킨&피자샵,콤비네이션피자L,피자,11500
,송유리 치킨&피자샵,콤비네이션피자R,피자,9500
,송유리 치킨&피자샵,불고기피자L,피자,11500
,송유리 치킨&피자샵,불고기피자R,피자,9500
,송유리 치킨&피자샵,페페로니피자L,피자,11500
,송유리 치킨&피자샵,페페로니피자R,피자,9500
,송유리 치킨&피자샵,치즈크러스트피자L,피자,13000
,송유리 치킨&피자샵,치즈크러스트피자R,피자,10000
,송유리 치킨&피자샵,포테이토피자L,피자,14000
,송유리 치킨&피자샵,포테이토피자R,피자,11000
,송유리 치킨&피자샵,고구마피자L,피자,15000
,송유리 치킨&피자샵,고구마피자R,피자,12000
,송유리 치킨&피자샵,리치골드L,피자,15000
,송유리 치킨&피자샵,리치골드R,피자,12000
,송유리 치킨&피자샵,치즈바이트L,피자,15000
,송유리 치킨&피자샵,치즈바이트R,피자,12000
,송유리 치킨&피자샵,후라이드치킨,치킨,13000
,송유리 치킨&피자샵,양념치킨,치킨,14000
,송유리 치킨&피자샵,순살후라이드,치킨,13000
,송유리 치킨&피자샵,순살양념,치킨,14000
,송유리 치킨&피자샵,다리+날개,치킨,15000
,송유리 치킨&피자샵,다리치킨,치킨,15000
,송유리 치킨&피자샵,날개치킨,치킨,15000
,송유리 치킨&피자샵,간장치킨,치킨,15000
,미쳐버린파닭,"""후라이드+간장,양념,겨자,마늘,불닭,웰빙중택1""",후라이드+세트,17000
,미쳐버린파닭,후라이드+양념,후라이드+세트,17000
,미쳐버린파닭,후라이드+겨자,후라이드+세트,17000
,미쳐버린파닭,후라이드+마늘,후라이드+세트,17000
,미쳐버린파닭,후라이드+불닭,후라이드+세트,17000
,미쳐버린파닭,후라이드+웰빙,후라이드+세트,17000
,미쳐버린파닭,아래7개매뉴중2개선택!,두마리세트,18000
,미쳐버린파닭,"""후라이드,간장,양념""",두마리세트,0
,미쳐버린파닭,"""겨자,마늘,불닭,카레 (1000원 추가)""",두마리세트,0
,미쳐버린파닭,"""먹물,치즈머스타드 (2000원 추가)""",두마리세트,0
,미쳐버린파닭,양파순살(어니언)시 1000원 추가,두마리세트,0
,미쳐버린파닭,아래7개매뉴중3개선택!,세마리세트,27000
,미쳐버린파닭,"""후라이드,간장,양념""",세마리세트,0
,미쳐버린파닭,"""겨자,마늘,불닭,카레 (1000원 추가)""",세마리세트,0
,미쳐버린파닭,"""먹물,치즈머스타드 (2000원 추가)""",세마리세트,0
,미쳐버린파닭,양파순살(어니언)시 1000원 추가,세마리세트,0
,미쳐버린파닭,아래7개매뉴중1개선택!,한마리,13000
,미쳐버린파닭,"""후라이드,간장,양념""",한마리,0
,미쳐버린파닭,"""겨자,마늘,불닭,카레 (1000원 추가)""",한마리,0
,미쳐버린파닭,"""먹물,치즈머스타드 (2000원 추가)""",한마리,0
,미쳐버린파닭,양파순살(어니언)시 1000원 추가,한마리,0
,블랙 & 압구정,Set A(짜장2+탕수육),세트메뉴,19000
,블랙 & 압구정,Set B(짬뽕2+탕수육),세트메뉴,20000
,블랙 & 압구정,Set C(쟁반짜장(2인분)+탕수육),세트메뉴,21000
,블랙 & 압구정,짜장면,면류,5000
,블랙 & 압구정,간짜장,면류,5500
,블랙 & 압구정,짬뽕,면류,5500
,블랙 & 압구정,우동,면류,5500
,블랙 & 압구정,울면,면류,5500
,블랙 & 압구정,삼선간짜장,면류,6500
,블랙 & 압구정,기스면,면류,6500
,블랙 & 압구정,삼선우동,면류,7500
,블랙 & 압구정,삼선짬뽕,면류,7500
,블랙 & 압구정,삼선울면,면류,7500
,블랙 & 압구정,하얀짬뽕,면류,7500
,블랙 & 압구정,해물탕면,면류,7500
,블랙 & 압구정,압구정특면,면류,8000
,블랙 & 압구정,삼선고추짬뽕,면류,7500
,블랙 & 압구정,삼선쟁반짜장(2인분),면류,12000
,블랙 & 압구정,삼선쟁반짜장(1인분),면류,6500
,블랙 & 압구정,삼선쟁반짬뽕(2인분),면류,13000
,블랙 & 압구정,삼선쟁반짬뽕(1인분),면류,7500
,블랙 & 압구정,짜장밥,밥류,5500
,블랙 & 압구정,볶음밥,밥류,5500
,블랙 & 압구정,짬뽕밥,밥류,6000
,블랙 & 압구정,삼선볶음밥,밥류,7000
,블랙 & 압구정,새우볶음밥,밥류,7000
,블랙 & 압구정,마파두부밥,밥류,7000
,블랙 & 압구정,잡채밥,밥류,6500
,블랙 & 압구정,고추잡채밥,밥류,7500
,블랙 & 압구정,라조육밥,밥류,8000
,블랙 & 압구정,송이덮밥,밥류,7500
,블랙 & 압구정,삼선짬뽕밥,밥류,8000
,블랙 & 압구정,게살볶음밥,밥류,8000
,블랙 & 압구정,특밥,밥류,9000
,블랙 & 압구정,유산슬밥,밥류,11000
,블랙 & 압구정,잡탕밥,밥류,12000
,블랙 & 압구정,해삼탕밥,밥류,12000
,블랙 & 압구정,등심탕수육(대),요리류,25000
,블랙 & 압구정,등심탕수육(중),요리류,19000
,블랙 & 압구정,등심탕수육(소),요리류,14000
,블랙 & 압구정,사천탕수육(대),요리류,25000
,블랙 & 압구정,사천탕수육(중),요리류,19000
,블랙 & 압구정,소고기탕수육(대),요리류,30000
,블랙 & 압구정,소고기탕수육(중),요리류,24000
,블랙 & 압구정,유린육(대),요리류,25000
,블랙 & 압구정,유린육(중),요리류,20000
,블랙 & 압구정,깐풍육(대),요리류,25000
,블랙 & 압구정,깐풍육(중),요리류,20000
,블랙 & 압구정,고추잡채(대),요리류,25000
,블랙 & 압구정,고추잡채(중),요리류,20000
,블랙 & 압구정,잡채(대),요리류,20000
,블랙 & 압구정,잡채(중),요리류,15000
,블랙 & 압구정,라조육(대),요리류,25000
,블랙 & 압구정,라조육(중),요리류,20000
,블랙 & 압구정,깐풍우육,요리류,30000
,블랙 & 압구정,난자완스,요리류,25000
,블랙 & 압구정,오향장육,요리류,30000
,블랙 & 압구정,양장피(대),요리류,30000
,블랙 & 압구정,양장피(중),요리류,22000
,블랙 & 압구정,팔보채(대),요리류,32000
,블랙 & 압구정,팔보채(중),요리류,27000
,블랙 & 압구정,유산슬(대),요리류,32000
,블랙 & 압구정,유산슬(중),요리류,27000
,블랙 & 압구정,잡탕,요리류,32000
,블랙 & 압구정,해삼탕,요리류,45000
,블랙 & 압구정,해삼전복,요리류,45000
,블랙 & 압구정,전가복,요리류,45000
,블랙 & 압구정,송이전복,요리류,45000
,블랙 & 압구정,송이해삼,요리류,45000
,블랙 & 압구정,홍쇼샥스핀,요리류,35000
,블랙 & 압구정,게살샥스핀,요리류,40000
,블랙 & 압구정,게살샥스핀스프,요리류,25000
,블랙 & 압구정,삼선누룽지탕,요리류,30000
,블랙 & 압구정,토마토케찹새우(대),요리류,33000
,블랙 & 압구정,토마토케찹새우(중),요리류,27000
,블랙 & 압구정,크림새우(대),요리류,33000
,블랙 & 압구정,크림새우(중),요리류,27000
,블랙 & 압구정,깐쇼새우(대),요리류,33000
,블랙 & 압구정,깐쇼새우(중),요리류,27000
,블랙 & 압구정,깐쇼중새우,요리류,38000
,블랙 & 압구정,깐풍새우(대),요리류,33000
,블랙 & 압구정,깐풍새우(중),요리류,27000
,블랙 & 압구정,깐풍중새우,요리류,38000
,블랙 & 압구정,크림중새우,요리류,38000
,블랙 & 압구정,해파리냉채,요리류,20000
,블랙 & 압구정,삼풍냉채,요리류,30000
,블랙 & 압구정,라조기(대),요리류,25000
,블랙 & 압구정,라조기(중),요리류,20000
,블랙 & 압구정,깐풍기(대),요리류,25000
,블랙 & 압구정,깐풍기(중),요리류,20000
,블랙 & 압구정,꽃빵1인분,사이드/기타,4000
,블랙 & 압구정,"""군,물만두""",사이드/기타,4000
,블랙 & 압구정,계란탕,사이드/기타,12000
,블랙 & 압구정,삼선탕,사이드/기타,12000
,금룡,0 :탕수육+짜장2+만두+콜라,세트류,10000
,금룡,1 :탕수육+짜장1+짬뽕1+만두+콜라,세트류,11000
,금룡,2 :깐풍육+짜장2+만두+콜라,세트류,10000
,금룡,3 :깐풍육+짜장1+짬뽕1+만두+콜라,세트류,11000
,금룡,4 :깐풍기+짜장2+만두+콜라,세트류,17000
,금룡,5 :깐풍기+짜장1+짬뽕1+만두+콜라,세트류,17000
,금룡,6 :탕수육+쟁반짜장+짬뽕+군or물만두중택1,세트류,21000
,금룡,7 :양장피+쟁반짜장+짬뽕+군or물만두중택1,세트류,23000
,금룡,8 :깐풍기+쟁반짜장+짬뽕+군or물만두중택1,세트류,23000
,금룡,9 :팔보채+쟁반짜장+짬뽕+군or물만두중택1,세트류,26000
,금룡,매운짬뽕,면류,6000
,금룡,고추짬뽕,면류,7000
,금룡,홍합짬뽕,면류,7000
,금룡,탕짜(짬)면,면류,7000
,금룡,탕볶밥,면류,7500
,금룡,볶음짬뽕,면류,6000
,금룡,굴짬뽕,면류,7000
,금룡,쟁반짜장(1인),면류,5500
,금룡,쟁반짜장(2인),면류,11000
,금룡,짜장,면류,4500
,금룡,짬뽕,면류,5000
,금룡,울면,면류,5000
,금룡,우동,면류,5000
,금룡,간짜장,면류,5000
,금룡,유니짜장,면류,6000
,금룡,삼선간짜장,면류,7000
,금룡,삼성짬뽕,면류,7000
,금룡,삼선우동,면류,7000
,금룡,삼선울면,면류,7000
,금룡,기스면,면류,7000
,금룡,누룽지탕,면류,8000
,금룡,떡볶이쟁반짜장,면류,6000
,금룡,떡볶이볶음짬뽕,면류,6500
,금룡,볶음밥,밥류,5500
,금룡,짬뽕밥,밥류,5500
,금룡,짜장밥,밥류,5500
,금룡,김치볶음밥,밥류,6000
,금룡,잡채밥,밥류,6500
,금룡,새우볶음밥,밥류,7000
,금룡,삼선볶음밥,밥류,7000
,금룡,고추잡채밥,밥류,7000
,금룡,마파두부밥,밥류,7000
,금룡,금룡정식,밥류,12000
,금룡,유산슬밥,밥류,12000
,금룡,잡탕밥,밥류,12000
,금룡,사품냉채,요리류,46000
,금룡,삼풍냉채,요리류,36000
,금룡,이품냉채,요리류,31000
,금룡,해파리냉채,요리류,26000
,금룡,해삼과자연송이,요리류,51000
,금룡,해삼탕,요리류,45000
,금룡,라조새우,요리류,32000
,금룡,깐쇼새우,요리류,32000
,금룡,새우와자연송이,요리류,51000
,금룡,소고기탕수육,요리류,25000
,금룡,소고기튀김,요리류,25000
,금룡,부추잡채,요리류,26000
,금룡,당면잡채,요리류,12000
,금룡,마파두부,요리류,16000
,금룡,양장피,요리류,28000
,금룡,난자완스,요리류,30000
,금룡,탕수육,요리류,17000
,금룡,사천탕수육,요리류,22000
,금룡,라조기,요리류,25000
,금룡,라조육,요리류,25000
,금룡,깐풍기,요리류,25000
,금룡,깐풍육,요리류,25000
,금룡,새우와두부,요리류,36000
,금룡,자연송시와죽순,요리류,51000
,금룡,동고버섯과죽순,요리류,46000
,금룡,고추잡채,요리류,25000
,금룡,유산슬,요리류,32000
,금룡,팔보채,요리류,28000
,금룡,잡탕,요리류,28000
,금룡,전가복,요리류,51000
,금룡,샥스핀,요리류,51000
,금룡,돈까스정식,사이드/기타,6500
,금룡,10 :탕수육or깐풍육+볶음짬뽕2인+콜라,세트류,21000
,신북경,탕수육+쟁반짜장1인or볶음짬뽕1인,세트류,13000
,신북경,탕수육+짜장면+짬뽕+사천만두,세트류,15000
,신북경,탕수육+짜장면2+사천만두,세트류,15000
,신북경,탕수육+짬뽕2+사천만두,세트류,16000
,신북경,탕수육+쟁반짜장2인+사천만두,세트류,18000
,신북경,탕수육+볶음짬뽕2인+사천만두,세트류,18000
,신북경,깐풍기+짜장면+짬뽕+사천만두,세트류,18000
,신북경,깐풍기+짜장면2+사천만두,세트류,18000
,신북경,깐풍기+짬뽕2+사천만두,세트류,19000
,신북경,깐풍기+쟁반짜장2인+사천만두,세트류,21000
,신북경,깐풍기+볶음짬뽕2인+사천만두,세트류,21000
,신북경,깐풍육+짜장면+짬뽕+사천만두,세트류,15000
,신북경,깐풍육+짜장면2+사천만두,세트류,15000
,신북경,깐풍육+쟁반짜장2인+사천만두,세트류,16000
,신북경,깐풍육+쟁반짜장2인+사천만두,세트류,18000
,신북경,깐풍육+볶음짬뽕2인+사천만두,세트류,18000
,신북경,양장피+짜장면+짬뽕+사천만두,세트류,23000
,신북경,양장피+짜장면2+사천만두,세트류,23000
,신북경,양장피+짬뽕2+사천만두,세트류,24000
,신북경,양장피+쟁반짜장2인+사천만두,세트류,26000
,신북경,양장피+볶음짬뽕2인+사천만두,세트류,26000
,신북경,탕수육+볶음밥2,세트류,17000
,신북경,탕수육+잡채밥2,세트류,17000
,신북경,탕수육+짬뽕밥2,세트류,17000
,신북경,탕수육+짜장밥2,세트류,17000
,신북경,탕수육+새우볶음밥2,세트류,18000
,신북경,탕수육+짜장1,세트류,10000
,신북경,탕수육+짬뽕1,세트류,10000
,신북경,A코스:양장피+탕수육+고추잡채,세트류,35000
,신북경,B코스:양장피+탕수육+잡탕+유산슬,세트류,50000
,신북경,C코스:양장피+탕수육+고추잡채+깐풍기+삼선누룽지탕,세트류,70000
,신북경,D코스:양장피+팔보채+깐쇼채우+고추잡채+깐풍기+유산슬,세트류,90000
,신북경,꽃게짬뽕,면류,7000
,신북경,콩나물짬뽕,면류,7000
,신북경,낙지짬뽕,면류,8000
,신북경,쟁반짜장,면류,6000
,신북경,볶음짬뽕,면류,6000
,신북경,불짜장면,면류,6000
,신북경,짜장면,면류,4500
,신북경,간짜장,면류,5000
,신북경,짬뽕,면류,5000
,신북경,우동,면류,5000
,신북경,울면,면류,5000
,신북경,물냉면,면류,5000
,신북경,비빔냉면,면류,5000
,신북경,굴짬뽕,면류,6000
,신북경,기스면,면류,6000
,신북경,유니짜장,면류,6000
,신북경,사천짜장,면류,6000
,신북경,삼선간짜장,면류,7000
,신북경,홍합짬뽕,면류,7000
,신북경,삼선짬뽕,면류,7000
,신북경,낙지짬뽕,면류,8000
,신북경,삼선울면,면류,7000
,신북경,누룽지탕,면류,10000
,신북경,물냉면,면류,5000
,신북경,비빔냉면,면류,5000
,신북경,콩국수,면류,6000
,신북경,육개장,밥류,6000
,신북경,갈비탕,밥류,6000
,신북경,볶음밥,밥류,5500
,신북경,짬뽕밥,밥류,5500
,신북경,짜장밥,밥류,5500
,신북경,김치볶음밥,밥류,6000
,신북경,오므라이스,밥류,6000
,신북경,김치덮밥,밥류,6000
,신북경,송이덮밥,밥류,6000
,신북경,제육덮밥,밥류,6000
,신북경,잡채밥,밥류,6000
,신북경,고추잡채밥,밥류,7000
,신북경,소고기잡채밥,밥류,7000
,신북경,소고기덮밥,밥류,7000
,신북경,오징어덮밥,밥류,7000
,신북경,김치제육덮밥,밥류,7000
,신북경,삼선볶음밥,밥류,7000
,신북경,새우볶음밥,밥류,7000
,신북경,마파두부밥,밥류,7000
,신북경,북경특밥,밥류,7000
,신북경,삼선고추짬뽕밥,밥류,8000
,신북경,유산슬밥,밥류,11000
,신북경,잡탕밥,밥류,11000
,신북경,탕수육소,요리류,13000
,신북경,탕수육중,요리류,16000
,신북경,탕수육대,요리류,23000
,신북경,칠리탕수육소,요리류,15000
,신북경,칠리탕수육중,요리류,18000
,신북경,과일탕수육소,요리류,15000
,신북경,과일탕수육중,요리류,18000
,신북경,사천탕수육소,요리류,15000
,신북경,사천탕수육중,요리류,20000
,신북경,깐풍육소,요리류,18000
,신북경,깐풍육중,요리류,23000
,신북경,깐풍기소,요리류,18000
,신북경,깐풍기중,요리류,23000
,신북경,라조기소,요리류,18000
,신북경,라조기중,요리류,23000
,신북경,라조육소,요리류,18000
,신북경,라조육중,요리류,23000
,신북경,고추잡채소,요리류,18000
,신북경,고추잡채중,요리류,23000
,신북경,소고기잡채소,요리류,20000
,신북경,소고기잡채중,요리류,25000
,신북경,소고기탕수육소,요리류,20000
,신북경,소고기탕수육중,요리류,25000
,신북경,해파리냉채소,요리류,20000
,신북경,해파리냉채중,요리류,25000
,신북경,난자완스소,요리류,20000
,신북경,난자완스중,요리류,25000
,신북경,양장피소,요리류,20000
,신북경,양장피중,요리류,25000
,신북경,팔보채소,요리류,20000
,신북경,팔보채중,요리류,25000
,신북경,잡탕소,요리류,20000
,신북경,잡탕중,요리류,25000
,신북경,유산슬소,요리류,25000
,신북경,유산슬중,요리류,30000
,신북경,깐쇼새우소,요리류,25000
,신북경,깐쇼새우중,요리류,30000
,신북경,깐풍새우소,요리류,25000
,신북경,깐풍새우중,요리류,30000
,신북경,삼선누룽지탕소,요리류,25000
,신북경,삼선누룽지탕중,요리류,30000
,신북경,삼풍냉채,요리류,35000
,신북경,해삼탕,요리류,40000
,신북경,해삼쥬스,요리류,40000
,신북경,전가복,요리류,50000
,신북경,죽순전복,요리류,50000
,신북경,송이전복,요리류,50000
,신북경,샥스핀,요리류,50000
,신북경,짬짜면,사이드/기타,6000
,신북경,볶짜면,사이드/기타,6000
,신북경,볶짬면,사이드/기타,6000
,신북경,탕짜면,사이드/기타,7000
,신북경,탕짬면,사이드/기타,7000
,신북경,탕볶밥,사이드/기타,7000
,신북경,군만두/물만두,사이드/기타,4000
,신북경,사천만두,사이드/기타,5000
,신북경,(떡)만두국,사이드/기타,6000
,신북경,월요콩나물짬뽕,요일별특식,5500
,신북경,화요잡채밥,요일별특식,5500
,신북경,수요마파밥,요일별특식,5500
,신북경,목요송이밥,요일별특식,5500
,신북경,금요삼선볶음밥,요일별특식,5500
,대연각,강력추천)탕수육or깐풍육or사천탕수육+짜장1,세트류,11000
,대연각,세트0)탕수육or깐풍육or사천탕수육+짜장2+만두,세트류,14000
,대연각,세트1)탕수육or깐풍육or사천탕수육+짜장+짬뽕+만두,세트류,15000
,대연각,세트2)탕수육or깐풍육or사천탕수육+짜장+쟁반짜장+만두,세트류,16000
,대연각,세트3)탕수육or깐풍육or사천탕수육+쟁반짜장2+만두,세트류,18000
,대연각,세트4)탕수육or깐풍육or사천탕수육+볶음밥2+만두,세트류,18000
,대연각,세트5)깐풍기+짜장2+만두,세트류,17000
,대연각,세트6)양장피+짜장2+만두,세트류,23000
,대연각,A코스)탕수육+양장피+만두+짬뽕국물,세트류,35000
,대연각,B코스)양장피+사천탕수육+만두+짬뽕국물,세트류,35000
,대연각,C코스)탕수육+고추잠채+만두+짬뽕국물,세트류,35000
,대연각,깐풍육정식,세트류,7000
,대연각,탕수육정식,세트류,7000
,대연각,"""왕쟁반짜장(2,3인분)+공기밥""",세트류,13000
,대연각,"""왕쟁반짬뽕(2,3인분)+공기밥""",세트류,13000
,대연각,짜장,면류,4500
,대연각,우동,면류,5000
,대연각,짬뽕,면류,5000
,대연각,간짜장,면류,5000
,대연각,울면,면류,5000
,대연각,쟁반짜장,면류,5500
,대연각,불짜장,면류,5500
,대연각,불짬뽕,면류,5500
,대연각,볶음짬뽕,면류,6000
,대연각,대연각특면,면류,6000
,대연각,굴짬뽕,면류,6000
,대연각,삼선짬뽕,면류,7000
,대연각,삼선간짜장,면류,6500
,대연각,삼선우동,면류,7000
,대연각,삼선울면,면류,7000
,대연각,기스면,면류,7000
,대연각,홍합짬뽕,면류,6000
,대연각,굴짬뽕,면류,6000
,대연각,볶음짬뽕,면류,6000
,대연각,불타는짬뽕,면류,5500
,대연각,불타는짜장,면류,5500
,대연각,볶음밥,밥류,5500
,대연각,짜장밥,밥류,5500
,대연각,짬뽕밥,밥류,5500
,대연각,오므라이스,밥류,6000
,대연각,김치볶음밥,밥류,6000
,대연각,오징어덮밥,밥류,6000
,대연각,잡채밥,밥류,6500
,대연각,삼선볶음밥,밥류,7000
,대연각,새우볶음밥,밥류,7000
,대연각,삼선짬봉밥,밥류,7000
,대연각,송이밥,밥류,7000
,대연각,마파두부밥,밥류,7000
,대연각,대연각특밥,밥류,7000
,대연각,제육덮밥,밥류,7000
,대연각,고추잡채밥,밥류,7000
,대연각,유산슬밥,밥류,12000
,대연각,잡탕밥,밥류,12000
,대연각,탕수육大,요리류,21000
,대연각,탕수육中,요리류,16000
,대연각,탕수육小,요리류,13000
,대연각,계란탕,요리류,10000
,대연각,잡채밥,요리류,13000
,대연각,오징어탕수육,요리류,20000
,대연각,마파두부밥,요리류,15000
,대연각,사천탕수육정식,요리류,20000
,대연각,소고기탕수육,요리류,25000
,대연각,소고기잡채,요리류,20000
,대연각,라조육,요리류,22000
,대연각,라조기,요리류,22000
,대연각,깐풍육,요리류,20000
,대연각,깐풍기,요리류,22000
,대연각,고추잡채밥,요리류,22000
,대연각,난자완스,요리류,20000
,대연각,양장피,요리류,25000
,대연각,잡탕밥,요리류,27000
,대연각,팔보채,요리류,27000
,대연각,새우튀김,요리류,27000
,대연각,유산슬,요리류,27000
,대연각,깐쇼새우,요리류,30000
,대연각,해파리냉채,요리류,18000
,대연각,삼선술국,요리류,12000
,대연각,짬짜면,사이드/기타,5500
,대연각,볶자면,사이드/기타,6000
,대연각,볶짬면,사이드/기타,6000
,대연각,탕짜면,사이드/기타,7000
,대연각,탕볶밥,사이드/기타,7500
,대연각,돈까스정식,사이드/기타,7000
,대연각,군만두,사이드/기타,4000
,대연각,육개장,사이드/기타,5500
,대연각,설렁탕,사이드/기타,5500
,대연각,갈비탕,사이드/기타,5500
,대연각,"""요일메뉴)월요일-삼선볶음밥,탕짜면""",요일별특식,5500
,대연각,"""요일메뉴)화요일-고추잡채밥,탕짬면""",요일별특식,5500
,대연각,"""요일메뉴)수요일-해물특밥,탕볶밥""",요일별특식,5500
,대연각,"""요일메뉴)목요일-마파두부밥,볶짬면""",요일별특식,5500
,대연각,"""요일메뉴)금요일-새우볶음밥,볶짜면""",요일별특식,5500
,피자랑,콤비네이션피자L,피자,10500
,피자랑,콤비네이션피자R,피자,9000
,피자랑,불고기피자L,피자,10500
,피자랑,불고기피자R,피자,9000
,피자랑,페페로니피자L,피자,10500
,피자랑,페페로니피자R,피자,9000
,피자랑,치즈피자L,피자,10500
,피자랑,치즈피자R,피자,9000
,피자랑,야채피자L,피자,10500
,피자랑,야채피자R,피자,9000
,피자랑,치즈크러스트피자L,피자,12000
,피자랑,치즈크러스트피자R,피자,10000
,피자랑,포테이토피자L,피자,13000
,피자랑,포테이토피자R,피자,11000
,피자랑,고구마피자L,피자,14000
,피자랑,고구마피자R,피자,11500
,피자랑,리치골드L,피자,14000
,피자랑,리치골드R,피자,11500
,피자랑,치즈바이트L,피자,14500
,피자랑,치즈바이트R,피자,11500
,피자랑,베이컨피자L,피자,13000
,피자랑,베이컨피자R,피자,11000
,피자랑,핫치킨피자L,피자,13000
,피자랑,핫치킨피자R,피자,11000
,피자에땅,치즈크러스트추가,비고,3000
,피자에땅,워너달피자R+치즈떡볶이+치즈스파게티+양념반달감자+치킨텐더,히트박스,23900
,피자에땅,베이컨수프림L,스페셜피자,17900
,피자에땅,베이컨수프림R,스페셜피자,14900
,피자에땅,스위트골드L,스페셜피자,17900
,피자에땅,포테이토스페셜L,스페셜피자,17900
,피자에땅,포테이토스페셜R,스페셜피자,14900
,피자에땅,화이트갈릭L,스페셜피자,17900
,피자에땅,화이트갈릭R,스페셜피자,14900
,피자에땅,스페셜피자L 2판,스페셜피자,27900
,피자에땅,스페셜피자R 2판,스페셜피자,23900
,피자에땅,미트블라썸 L,프리미엄피자,25900
,피자에땅,미트블라썸 L 2판,프리미엄피자,38900
,피자에땅,미트소시지 L,프리미엄피자,23900
,피자에땅,미트소시지 L 2판,프리미엄피자,35900
,피자에땅,포테이토베이컨 L,프리미엄피자,22900
,피자에땅,포테이토베이컨 L 2판,프리미엄피자,34900
,피자에땅,씨푸드 L,프리미엄피자,24900
,피자에땅,씨푸드 L 2판,프리미엄피자,36900
,피자에땅,파스트라미 L,프리미엄피자,22900
,피자에땅,파스트라미 L 2판,프리미엄피자,34900
,피자에땅,핫 바비큐 L,프리미엄피자,23900
,피자에땅,핫 바비큐 L 2판,프리미엄피자,35900
,피자에땅,반반한피자(핫 바비큐+씨푸드),프리미엄피자,23900
,피자에땅,반반한피자(핫 바비큐+씨푸드) 2판,프리미엄피자,35900
,피자에땅,반반한피자(포테이토베이컨+미트소시지),프리미엄피자,23900
,피자에땅,반반한피자(포테이토베이컨+미트소시지) 2판,프리미엄피자,35900
,피자에땅,치즈피자L 1판,클래식피자,13900
,피자에땅,치즈피자L 2판,클래식피자,23900
,피자에땅,페페로니L 1판,클래식피자,13900
,피자에땅,페페로니L 2판,클래식피자,23900
,피자에땅,불고기피자L 1판,클래식피자,14900
,피자에땅,불고기피자L 2판,클래식피자,24900
,피자에땅,수퍼수프림L 1판,클래식피자,14900
,피자에땅,수퍼수프림L 2판,클래식피자,24900
,피자에땅,고구마L 1판,클래식피자,14900
,피자에땅,고구마L 2판,클래식피자,24900
,피자에땅,슈퍼콤비네이션L 1판,스폐셜피자,17900
,피자에땅,슈퍼콤비네이션L 2판,스폐셜피자,28900
,피자에땅,슈퍼고구마L 1판,스폐셜피자,17900
,피자에땅,슈퍼고구마L 2판,스폐셜피자,28900
,피자에땅,슈퍼불고기L 1판,스폐셜피자,17900
,피자에땅,슈퍼불고기L 2판,스폐셜피자,28900
,피자에땅,슈퍼바비큐L 1판,스폐셜피자,17900
,피자에땅,슈퍼바비큐L 2판,스폐셜피자,28900
,피자에땅,맵피자L 1판,스폐셜피자,18900
,피자에땅,맵피자L 2판,스폐셜피자,29900
,피자에땅,달피자L 1판,스폐셜피자,18900
,피자에땅,달피자L 2판,스폐셜피자,29900
,피자에땅,빠질 빠에야L 1판,하니퐁듀피자,24900
,피자에땅,빠질 빠에야L 2판,하니퐁듀피자,38900
,피자에땅,매울 빠에야L 1판,하니퐁듀피자,24900
,피자에땅,매울 빠에야L 2판,하니퐁듀피자,38900
,피자에땅,베이컨체다L 1판,하니퐁듀피자,21900
,피자에땅,갈릭쉬림프L 1판,하니퐁듀피자,21900
,피자에땅,핫치킨L 1판,하니퐁듀피자,21900
,피자에땅,반반한피자(핫바비큐+씨푸드),반반한피자,23900
,피자에땅,반반한피자(포테이토베이컨+미트소시지),반반한피자,23900
,피자에땅,반반한피자2판,반반한피자,35900
,피자에땅,콜로새우L,이탈리안스퀘어,20900
,피자에땅,치즈떡볶이,사이드메뉴,6000
,피자에땅,핫윙10EA,사이드메뉴,9000
,피자에땅,핫윙5EA,사이드메뉴,4500
,피자에땅,치킨텐더10EA,사이드메뉴,9000
,피자에땅,치킨텐더5EA,사이드메뉴,4500
,피자에땅,콘버터,사이드메뉴,4000
,피자에땅,갈릭디핑,사이드메뉴,500
,피자에땅,피클,사이드메뉴,300
,피자에땅,보르네즈스파게티,파스타&리조또,5000
,피자에땅,치즈스파게티,파스타&리조또,6000
,피자에땅,새우리조또,파스타&리조또,4500
,피자에땅,낙지리조또,파스타&리조또,5500
,피자에땅,콜라1.25L,음료,1600
,피자에땅,콜라500ml,음료,1000
,영구스피자,토핑추가XXXL,비고,4000
,영구스피자,토핑추가XXL,비고,3000
,영구스피자,토핑추가L,비고,2000
,영구스피자,치즈크러스트추가XXXL,비고,6000
,영구스피자,치즈크러스트추가XXL,비고,4000
,영구스피자,치즈크러스트추가L,비고,3000
,영구스피자,고구마피자XXXL,프리미엄피자,25900
,영구스피자,고구마피자XXL,프리미엄피자,21900
,영구스피자,고구마피자L,프리미엄피자,15900
,영구스피자,비프커리XXXL,프리미엄피자,25900
,영구스피자,비프커리XXL,프리미엄피자,21900
,영구스피자,비프커리L,프리미엄피자,15900
,영구스피자,치킨커리XXXL,프리미엄피자,25900
,영구스피자,치킨커리XXL,프리미엄피자,21900
,영구스피자,치킨커리L,프리미엄피자,15900
,영구스피자,치즈크러스트피자XXXL,프리미엄피자,29900
,영구스피자,치즈크러스트피자XXL,프리미엄피자,24900
,영구스피자,치즈크러스트피자L,프리미엄피자,17900
,영구스피자,치킨데리야키XXXL,프리미엄피자,30900
,영구스피자,치킨데리야키XXL,프리미엄피자,24900
,영구스피자,치킨데리야키L,프리미엄피자,19900
,영구스피자,패스츄리바이트XXXL,프리미엄피자,34900
,영구스피자,패스츄리바이트XXL,프리미엄피자,27900
,영구스피자,패스츄리바이트L,프리미엄피자,20900
,영구스피자,골드피자XXXL,프리미엄피자,34900
,영구스피자,골드피자XXL,프리미엄피자,27900
,영구스피자,골드피자L,프리미엄피자,20900
,영구스피자,치킨바베큐골드XXXL,프리미엄피자,34900
,영구스피자,치킨바베큐골드XXL,프리미엄피자,27900
,영구스피자,치킨바베큐골드L,프리미엄피자,20900
,영구스피자,핫치킨골드XXXL,프리미엄피자,34900
,영구스피자,핫치킨골드XXL,프리미엄피자,27900
,영구스피자,핫치킨골드L,프리미엄피자,20900
,영구스피자,치즈단호박XXXL,프리미엄피자,34900
,영구스피자,치즈단호박XXL,프리미엄피자,27900
,영구스피자,치즈단호박L,프리미엄피자,20900
,영구스피자,리치딜라이트XXXL,프리미엄피자,34900
,영구스피자,리치딜라이트XXL,프리미엄피자,27900
,영구스피자,리치딜라이트L,프리미엄피자,20900
,영구스피자,새우감자말이피자XXXL,프리미엄피자,36900
,영구스피자,새우감자말이피자XXL,프리미엄피자,30900
,영구스피자,새우감자말이피자L,프리미엄피자,25900
,영구스피자,치즈프라이XXL,프리미엄피자,23500
,영구스피자,치즈프라이L,프리미엄피자,17500
,영구스피자,치즈도이치XXL,프리미엄피자,23500
,영구스피자,치즈도이치L,프리미엄피자,17500
,영구스피자,"""오리지널피자+샐러드(단호박,고구마)+버팔로윙5+웨지감자+텐터5+치즈스틱5""",드림박스,23000
,영구스피자,치즈피자XXXL,오리지널피자,23900
,영구스피자,치즈피자XXL,오리지널피자,18900
,영구스피자,치즈피자L,오리지널피자,14900
,영구스피자,페페로니피자XXXL,오리지널피자,23900
,영구스피자,페페로니피자XXL,오리지널피자,20900
,영구스피자,페페로니피자L,오리지널피자,14900
,영구스피자,불고기피자XXXL,오리지널피자,23900
,영구스피자,불고기피자XXL,오리지널피자,20900
,영구스피자,불고기피자L,오리지널피자,14900
,영구스피자,포테이토피자XXXL,오리지널피자,23900
,영구스피자,포테이토피자XXL,오리지널피자,20900
,영구스피자,포테이토피자L,오리지널피자,14900
,영구스피자,슈퍼슈프림피자XXXL,오리지널피자,23900
,영구스피자,슈퍼슈프림피자XXL,오리지널피자,20900
,영구스피자,슈퍼슈프림피자L,오리지널피자,14900
,영구스피자,고구마 치킨 그라탕,파스타/사이드,7500
,영구스피자,까르보나라,파스타/사이드,8900
,영구스피자,토마토스파게티,파스타/사이드메뉴,5000
,영구스피자,미트소스스파게티,파스타/사이드메뉴,5500
,영구스피자,치즈오븐스파게티,파스타/사이드메뉴,6500
,영구스피자,까르보나라,파스타/사이드메뉴,8900
,영구스피자,영구스립바비큐(통),파스타/사이드메뉴,17800
,영구스피자,영구스립바비큐(하프),파스타/사이드메뉴,9400
,영구스피자,버팔로핫윙(20pcs),파스타/사이드메뉴,13900
,영구스피자,버팔로핫윙(10pcs),파스타/사이드메뉴,8900
,영구스피자,칠리프라이,파스타/사이드메뉴,5500
,영구스피자,피클추가,파스타/사이드메뉴,200
,영구스피자,퐁듀소스추가,파스타/사이드메뉴,500
,영구스피자,갈릭디핑추가,파스타/사이드메뉴,300
,영구스피자,치즈가루추가,파스타/사이드메뉴,200
,영구스피자,핫소스추가,파스타/사이드메뉴,100
,영구스피자,코카콜라1.25L,음료,1500
,영구스피자,코카콜라500ml,음료,1000
,영구스피자,스프라이트1.25L,음료,1600
,영구스피자,스프라이트500ml,음료,1100
,미스터피자,로맨틱콤보홈런박스(하프치킨),홈런박스,28900
,미스터피자,로맨틱콤보홈런박스(스파게티),홈런박스,28900
,미스터피자,쉬림프골드홈런박스(하프치킨),홈런박스,29900
,미스터피자,하프앤하프홈런박스(하프치킨),홈런박스,29900
,미스터피자,포테이토골드홈런박스(하프치킨),홈런박스,28900
,미스터피자,콤보홈런박스(하프치킨),홈런박스,22900
,미스터피자,불고기홈런박스(하프치킨),홈런박스,22900
,미스터피자,쉬림프골드홈런박스(스파게티),홈런박스,29900
,미스터피자,하프앤하프홈런박스(스파게티),홈런박스,29900
,미스터피자,포테이토골드홈런박스(스파게티),홈런박스,28900
,미스터피자,콤보홈런박스(스파게티),홈런박스,22900
,미스터피자,불고기홈런박스(스파게티),홈런박스,22900
,미스터피자,쉬림프골드R&홈샐러드(스파게티),보너스파우치,32900
,미스터피자,쉬림프골드L&홈샐러드(스파게티),보너스파우치,38900
,미스터피자,하프앤하프R&홈샐러드(스파게티),보너스파우치,32900
,미스터피자,하프앤하프L&홈샐러드(스파게티),보너스파우치,38900
,미스터피자,포테이토골드R&홈샐러드(스파게티),보너스파우치,31900
,미스터피자,포테이토골드L&홈샐러드(스파게티),보너스파우치,37900
,미스터피자,콤보R&홈샐러드(스파게티),보너스파우치,26900
,미스터피자,콤보L&홈샐러드(스파게티),보너스파우치,30900
,미스터피자,불고기R&홈샐러드(스파게티),보너스파우치,26900
,미스터피자,불고기L&홈샐러드(스파게티),보너스파우치,30900
,미스터피자,로맨틱콤보R&홈샐러드(스파게티),보너스파우치,31900
,미스터피자,로맨틱콤보L&홈샐러드(스파게티),보너스파우치,37900
,미스터피자,로맨틱콤보R&홈샐러드(윙8조각),보너스파우치,31900
,미스터피자,로맨틱콤보L&홈샐러드(윙8조각),보너스파우치,37900
,미스터피자,쉬림프골드R&홈샐러드(윙8조각),보너스파우치,32900
,미스터피자,쉬림프골드L&홈샐러드(윙8조각),보너스파우치,38900
,미스터피자,포테이토골드R&홈샐러드(윙8조각),보너스파우치,31900
,미스터피자,포테이토골드L&홈샐러드(윙8조각),보너스파우치,37900
,미스터피자,하프앤하프R&홈샐러드(윙8조각),보너스파우치,32900
,미스터피자,하프앤하프L&홈샐러드(윙8조각),보너스파우치,38900
,미스터피자,콤보R&홈샐러드(윙8조각),보너스파우치,26900
,미스터피자,콤보L&홈샐러드(윙8조각),보너스파우치,30900
,미스터피자,불고기R&홈샐러드(윙8조각),보너스파우치,26900
,미스터피자,불고기L&홈샐러드(윙8조각),보너스파우치,30900
,미스터피자,치즈캡변경시,프리미엄피자,3500
,미스터피자,"""해쉬브라운,에그타르트,크림치즈,골드변경시""",프리미엄피자,1000
,미스터피자,트레비앙R,프리미엄피자,22000
,미스터피자,트레비앙L,프리미엄피자,30000
,미스터피자,로맨틱콤보R,프리미엄피자,24000
,미스터피자,로맨틱콤보L,프리미엄피자,32000
,미스터피자,러블리피스R,프리미엄피자,26000
,미스터피자,러블리피스L,프리미엄피자,34000
,미스터피자,스윗피스R,프리미엄피자,21000
,미스터피자,스윗피스L,프리미엄피자,29000
,미스터피자,쉬림프골드R,프리미엄피자,25900
,미스터피자,쉬림프골드L,프리미엄피자,33900
,미스터피자,포테이토골드R,프리미엄피자,25900
,미스터피자,포테이토골드L,프리미엄피자,33900
,미스터피자,하프앤하프R,프리미엄피자,26900
,미스터피자,하프앤하프L,프리미엄피자,34900
,미스터피자,시크릿가든R,프리미엄피자,24900
,미스터피자,시크릿가든L,프리미엄피자,32900
,미스터피자,게살몽땅R,프리미엄피자,26500
,미스터피자,게살몽땅L,프리미엄피자,34500
,미스터피자,치즈캡L변경시,클래식피자,4500
,미스터피자,치즈캡R변경시,클래식피자,3500
,미스터피자,포테이토피자R,클래식피자,17900
,미스터피자,포테이토피자L,클래식피자,22900
,미스터피자,미스터피자콤보R,클래식피자,17900
,미스터피자,미스터피자콤보L,클래식피자,22900
,미스터피자,불고기피자R,클래식피자,16500
,미스터피자,불고기피자L,클래식피자,21500
,미스터피자,하와이안딜라이트R,클래식피자,13500
,미스터피자,하와이안딜라이트L,클래식피자,18500
,미스터피자,베지테리안R,클래식피자,13500
,미스터피자,베지테리안L,클래식피자,18500
,미스터피자,크런치포테이토R,스마티피자(씬),17000
,미스터피자,크런치포테이토L,스마티피자(씬),25000
,미스터피자,크림쉬림프R,스마티피자(씬),19000
,미스터피자,크림쉬림프L,스마티피자(씬),27000
,미스터피자,시카고딥R,스마티피자(씬),18000
,미스터피자,시카고딥L,스마티피자(씬),26000
,미스터피자,리코타치즈샐러드,사이드메뉴,6900
,미스터피자,케이준치킨샐러드,사이드메뉴,6900
,미스터피자,홈샐러드,사이드메뉴,5900
,미스터피자,허니치킨,사이드메뉴,18000
,미스터피자,허니감자(매콤),사이드메뉴,3000
,미스터피자,허니감자(순한),사이드메뉴,3000
,미스터피자,허니버터디핑소스,사이드메뉴,1500
,미스터피자,허니버터시즈닝,사이드메뉴,500
,미스터피자,치즈볼4개,사이드메뉴,4500
,미스터피자,베이크윙4개,사이드메뉴,3900
,미스터피자,베이크윙8개,사이드메뉴,7500
,미스터피자,크리스피텐터치킨4개,사이드메뉴,3900
,미스터피자,크리스피텐더치킨8개,사이드메뉴,7500
,미스터피자,핫윙4개,사이드메뉴,3500
,미스터피자,핫윙8개,사이드메뉴,6900
,미스터피자,하프치킨,사이드메뉴,8900
,미스터피자,치즈스틱4개,사이드메뉴,3900
,미스터피자,치즈스틱8개,사이드메뉴,6900
,미스터피자,쫀득핫도그3개,사이드메뉴,3900
,미스터피자,크러쉬드레드페퍼,사이드메뉴,200
,미스터피자,피클,사이드메뉴,200
,미스터피자,갈릭디핑소스,사이드메뉴,100
,미스터피자,핫소스,사이드메뉴,100
,미스터피자,허니머스타드소스,사이드메뉴,100
,미스터피자,꿀,사이드메뉴,600
,미스터피자,쉬림프까르보나라,파스타/리조또,9900
,미스터피자,오븐치즈미트스파게티,파스타/리조또,7900
,미스터피자,오븐치즈베이컨크림스파게티,파스타/리조또,7900
,미스터피자,오브친즈씨푸드김치스파게티,파스타/리조또,7900
,미스터피자,오븐치즈씨푸드김치리조또,파스타/리조또,8900
,미스터피자,펩시콜라500ml,음료,1000
,미스터피자,펩시콜라1.25L,음료,1600
,미스터피자,칠성사이다500ml,음료,1200
,미스터피자,칠성사이다1.25L,음료,1600
,미스터피자,마운틴듀400ml,음료,1000
,미스터피자,마운틴듀1.5L,음료,1900
,미스터피자,따블퐈홈런박스(하프치킨),홈런박스,28900
,미스터피자,따블퐈홈런박스(스파게티),홈런박스,28900
,미스터피자,따블퐈R&홈샐러드(스파게티),보너스파우치,31900
,미스터피자,따블퐈L&홈샐러드(스파게티),보너스파우치,37900
,미스터피자,따블퐈R&홈샐러드(윙8조각),보너스파우치,31900
,미스터피자,따블퐈L&홈샐러드(윙8조각),보너스파우치,37900
,미스터피자,스노잉쉬림프R,프리미엄피자,24000
,미스터피자,스노잉쉬림프L,프리미엄피자,32000
,미스터피자,까르네콤보R,프리미엄피자,24000
,미스터피자,까르네콤보L,프리미엄피자,32000
,미스터피자,따블퐈R,프리미엄피자,24000
,미스터피자,따블퐈L,프리미엄피자,32000
,미스터피자,또띠아피자R,클래식피자,17900
,미스터피자,페스츄리피자R,클래식피자,17900
,미스터피자,불고기+시크릿가든,투런홈런박스,38900
,미스터피자,콤보+시크릿가든,투런홈런박스,38900
,미스터피자,불고기+포테이토골드,투런홈런박스,38900
,미스터피자,콤보+포테이토골드,투런홈런박스,38900
,미스터피자,콤보+포테이토,투런홈런박스,33900
,피자헤븐,오리지널,도우선택,0
,피자헤븐,씬크리스트BIG,도우선택,2000
,피자헤븐,씬크리스트L or M,도우선택,1000
,피자헤븐,치즈크러스트or골드크러스트BIG,도우선택,4500
,피자헤븐,치즈크러스트or골드크러스트L,도우선택,3500
,피자헤븐,치즈크러스트or골드크러스트M,도우선택,2500
,피자헤븐,아메리칸스페셜M,피자,13500
,피자헤븐,아메라칸스페셜L,피자,16900
,피자헤븐,아메리칸스페셜BIG,피자,23900
,피자헤븐,하프앤하프L,피자,15900
,피자헤븐,하프앤하프BIG,피자,22900
,피자헤븐,크렌베리고르곤졸라L,피자,21900
,피자헤븐,크렌베리고르곤졸라BIG,피자,28900
,피자헤븐,로얄쿼터블L,피자,27900
,피자헤븐,로얄쿼터블BIG,피자,34900
,피자헤븐,차샤로우M,피자,18500
,피자헤븐,차샤로우L,피자,21900
,피자헤븐,차샤로우BIG,피자,28900
,피자헤븐,씨-푸드M,피자,15500
,피자헤븐,씨-푸드L,피자,18900
,피자헤븐,씨-푸드BIG,피자,25900
,피자헤븐,헤븐리포치즈M,피자,15500
,피자헤븐,헤븐리포치즈L,피자,18900
,피자헤븐,헤븐리포치즈BIG,피자,25900
,피자헤븐,쿼터드레싱포테이토L,피자,18900
,피자헤븐,쿼터드레싱포테이토BIG,피자,25900
,피자헤븐,레드핫치킨M,피자,15500
,피자헤븐,레드핫치킨L,피자,18900
,피자헤븐,레드핫치킨BIG,피자,25900
,피자헤븐,더블포테이토M,피자,15500
,피자헤븐,더블포테이토L,피자,18900
,피자헤븐,더블포테이토BIG,피자,25900
,피자헤븐,쉬림프디럭스M,피자,15500
,피자헤븐,쉬림프디럭스L,피자,18900
,피자헤븐,쉬림프디럭스BIG,피자,25900
,피자헤븐,핫앤스파이시M,피자,14500
,피자헤븐,핫앤스파이시L,피자,17900
,피자헤븐,핫앤스파이시BIG,피자,24900
,피자헤븐,고구마스위트M,피자,14500
,피자헤븐,고구마스위트L,피자,17900
,피자헤븐,고구마스위트BIG,피자,24900
,피자헤븐,불고기M,피자,14500
,피자헤븐,블고기L,피자,17900
,피자헤븐,불고기BIG,피자,24900
,피자헤븐,포테이토M,피자,14500
,피자헤븐,포테이토L,피자,17900
,피자헤븐,포테이토BIG,피자,24900
,피자헤븐,더블치즈베이컨M,피자,13500
,피자헤븐,더블치즈베이컨L,피자,16900
,피자헤븐,더블치즈베이컨BIG,피자,23900
,피자헤븐,치킨바베큐M,피자,15500
,피자헤븐,치킨바베큐L,피자,18900
,피자헤븐,치킨바베큐BIG,피자,25900
,피자헤븐,통가슴살치킨피자M,피자,15500
,피자헤븐,통가슴살치킨피자L,피자,18900
,피자헤븐,통가슴살치킨피자BIG,피자,25900
,피자헤븐,헤븐스페셜M,피자,13500
,피자헤븐,헤븐스페셜L,피자,16900
,피자헤븐,헤븐스페셜BIG,피자,23900
,피자헤븐,페파로니M,피자,12500
,피자헤븐,페파로니L,피자,15900
,피자헤븐,페파로니BIG,피자,22900
,피자헤븐,슈퍼슈프림M,피자,13500
,피자헤븐,슈퍼슈프림L,피자,16900
,피자헤븐,슈퍼슈프림BIG,피자,23900
,피자헤븐,더블치즈피자M,피자,12500
,피자헤븐,더블치즈피자L,피자,15900
,피자헤븐,더블치즈피자BIG,피자,22900
,피자헤븐,하와이안M,피자,12500
,피자헤븐,하와이안L,피자,15900
,피자헤븐,하와이안BIG,피자,22900
,피자헤븐,그릴드포크밸리,피자,16500
,피자헤븐,그릴드포크밸리,피자,19900
,피자헤븐,그릴드포크밸리,피자,26900
,피자헤븐,매운까르보나라스파게티,사이드,7500
,피자헤븐,씨푸드포모도로,사이드,7500
,피자헤븐,포모도로스파게티,사이드,6500
,피자헤븐,볼로네즈스파게티,사이드,6500
,피자헤븐,까르보나라스파게티,사이드,7000
,피자헤븐,크리스피 타코버거,사이드,11900
,피자헤븐,치킨텐더(7조각),사이드,6500
,피자헤븐,순가슴살치킨(10조각),사이드,6500
,피자헤븐,핫윙(8조각),사이드,6500
,피자헤븐,치킨콤보,사이드,13900
,피자헤븐,치킨도넛,사이드,6500
,피자헤븐,콘샐러드,사이드,1200
,피자헤븐,탄두리 치킨 ,사이드,14500
,피자헤븐,헤븐 박스,세트메뉴,24900
,피자헤븐,오리저널라지세트,세트메뉴,23900
,피자헤븐,오리지널빅라지세트,세트메뉴,28900
,피자헤븐,패밀리세트,세트메뉴,33900
,피자헤븐,파티세트,세트메뉴,53900
,피자헤븐,치킨콤보세트,세트메뉴,28900
,피자헤븐,크리스피타코버거세트,세트메뉴,16900
,피자헤븐,미디엄세트,세트메뉴,19900
,피자헤븐,라지세트,세트메뉴,23900
,피자헤븐,빅라지세트,세트메뉴,28900
,피자헤븐,핫쭈꾸쭈꾸피자M,피자,21500
,피자헤븐,핫쭈꾸쭈꾸피자L,피자,24900
,피자헤븐,핫쭈꾸쭈꾸피자BIG,피자 ,31900
,피자헤븐,그릴드 포크벨리M,피자,16500
,피자헤븐,그릴드 포크벨리L,피자,19900
,피자헤븐,그릴드 포크벨리BIG,피자,26900
,피자꾼,"""방문포장2000원할인,콜라증정(R사이즈는콜라제외)""",비고,0
,피자꾼,콜라+사이드메뉴택1,비고,4000
,피자꾼,콜라+스파게티(미트/토마토)선택1,비고,5500
,피자꾼,"""도우추가(치즈,아몬드골드,과일크림,아몬드단팥)""",비고,3000
,피자꾼,반반메뉴추가시,비고,2000
,피자꾼,시카고미트볼피자(XL사이즈치즈크러스트만가능),신메뉴,0
,피자꾼,게살바른피자-L,신메뉴,25000
,피자꾼,쓰리스타피자-L,신메뉴,21000
,피자꾼,허쉬포테이토-L,신메뉴,21000
,피자꾼,럭키세븐치즈피자- R(2인),스페셜피자,18000
,피자꾼,럭키세븐치즈피자- L(3인),스페셜피자,21000
,피자꾼,럭키세븐치즈피자- XL(5인),스페셜피자,25000
,피자꾼,쩍벌새우피자- R(2인),달인피자,23000
,피자꾼,쩍벌새우피자- L(3인),달인피자,26000
,피자꾼,쩍벌새우피자- XL(5인),달인피자,30000
,피자꾼,바삭감자피자- R(2인),달인피자,22000
,피자꾼,바삭감자피자- L(3인),달인피자,25000
,피자꾼,바삭감자피자- XL(5인),달인피자,29000
,피자꾼,치즈매니아피자- R(2인),스페셜피자,18000
,피자꾼,치즈매니아피자- L(3인),스페셜피자,21000
,피자꾼,치즈매니아피자- XL(5인),스페셜피자,25000
,피자꾼,럭셔리씨푸드피자- R(2인),스페셜피자,18000
,피자꾼,럭셔리씨푸드피자- L(3인),스페셜피자,21000
,피자꾼,럭셔리씨푸드피자- XL(5인),스페셜피자,25000
,피자꾼,시골갈비피자- R(2인),스페셜피자,18000
,피자꾼,시골갈비피자- L(3인),스페셜피자,21000
,피자꾼,시골갈비피자- XL(5인),스페셜피자,25000
,피자꾼,매운시골갈비피자- R(2인),스페셜피자,18000
,피자꾼,매운시골갈비피자- L(3인),스페셜피자,21000
,피자꾼,매운시골갈비피자- XL(5인),스페셜피자,25000
,피자꾼,도시갈비피자- R(2인),스페셜피자,18000
,피자꾼,도시갈비피자- L(3인),스페셜피자,21000
,피자꾼,도시갈비피자- XL(5인),스페셜피자,25000
,피자꾼,리얼숯불바베큐치킨피자- R(2인),스페셜피자,18000
,피자꾼,리얼숯불바베큐치킨피자- L(3인),스페셜피자,21000
,피자꾼,리얼숯불바베큐치킨피자- XL(5인),스페셜피자,25000
,피자꾼,더블베이컨체다피자- R(2인),스페셜피자,18000
,피자꾼,더블베이컨체다피자- L(3인),스페셜피자,21000
,피자꾼,더블베이컨체다피자- XL(5인),스페셜피자,25000
,피자꾼,슈퍼콤비피자- R(2인),클래식피자,13000
,피자꾼,슈퍼콤비피자- L(3인),클래식피자,16000
,피자꾼,슈퍼콤비피자- XL(5인),클래식피자,20000
,피자꾼,더쉬림프피자- R(2인),클래식피자,13000
,피자꾼,더쉬림프피자- L(3인),클래식피자,16000
,피자꾼,더쉬림프피자- XL(5인),클래식피자,20000
,피자꾼,달큰고구메피자- R(2인),클래식피자,13000
,피자꾼,달큰고구메피자- L(3인),클래식피자,16000
,피자꾼,달큰고구메피자- XL(5인),클래식피자,20000
,피자꾼,감재의진리피자- R(2인),클래식피자,13000
,피자꾼,감재의진리피자- L(3인),클래식피자,16000
,피자꾼,감재의진리피자- XL(5인),클래식피자,20000
,피자꾼,직화불고기피자- R(2인),클래식피자,13000
,피자꾼,직화불고기피자- L(3인),클래식피자,16000
,피자꾼,직화불고기피자- XL(5인),클래식피자,20000
,피자꾼,치즈페퍼로니피자- R(2인),클래식피자,13000
,피자꾼,치즈페퍼로니피자- L(3인),클래식피자,16000
,피자꾼,치즈페퍼로니피자- XL(5인),클래식피자,20000
,피자꾼,치즈하와이언피자- R(2인),클래식피자,13000
,피자꾼,치즈하와이언피자- L(3인),클래식피자,16000
,피자꾼,치즈하와이언피자- XL(5인),클래식피자,20000
,피자꾼,로제해물파스타,사이드메뉴,7700
,피자꾼,스파게티(미트/토마토),사이드메뉴,5000
,피자꾼,베이컨허브감자,사이드메뉴,3000
,피자꾼,고구마치즈스틱(4조각),사이드메뉴,3000
,피자꾼,핫윙(5조각),사이드메뉴,3000
,피자꾼,머쉬룸 크림 스파게티,사이드메뉴,6500
,피자꾼,수제피클추가,사이드메뉴,500
,피자꾼,핫소스추가,사이드메뉴,100
,피자꾼,갈릭소스추가,사이드메뉴,500
,피자꾼,콜라500ML,음료,1000
,피자꾼,콜라1.25L,음료,1500
,피자꾼,매콤치즈불닭-L,신메뉴,21000
,피자꾼,갈릭고르곤졸라-L,신메뉴,16000
,학사회관,제육덮밥+돈까스+캔콜라,세트,6500
,학사회관,오므라이스+돈까스+캔,세트,6500
,학사회관,김치볶음밥+돈까스+캔,세트,6500
,학사회관,오징어덮밥+돈까스+캔,세트,6500
,학사회관,새우볶음밥+돈까스+캔,세트,6500
,학사회관,고추잡채밥+돈까스+캔,세트,6500
,학사회관,쫄면+돈까스,세트,7000
,학사회관,우동+돈까스,세트,7000
,학사회관,비냉+돈까스,세트,7000
,학사회관,돈까스+생선까스+함박스테이크,세트,8000
,학사회관,돈까스+치킨까스+함박스테이크,세트,8000
,학사회관,돈까스+새우까스+함박스테이크,세트,8000
,학사회관,짬뽕+돈까스,세트,7000
,학사회관,칼국수+돈까스,세트,7000
,학사회관,수제비+돈까스,세트,7000
,학사회관,떡만두+돈까스,세트,7000
,학사회관,제육덮밥,밥류,5000
,학사회관,오므라이스,밥류,5000
,학사회관,김치볶음밥,밥류,5000
,학사회관,오징어덮밥,밥류,5000
,학사회관,새우볶음밥,밥류,5000
,학사회관,고추잡채밥,밥류,5000
,학사회관,김치제육덮밥,밥류,5500
,학사회관,제육돌솥,밥류,5500
,학사회관,치즈돌솥,밥류,5500
,학사회관,돌솥비빔밥,밥류,5500
,학사회관,소불고기돌솥,밥류,5500
,학사회관,불고기비빔밥,밥류,5500
,학사회관,뚝배기불고기,밥류,5500
,학사회관,짬뽕우동,밥류,5500
,학사회관,소고기순두부찌개,밥류,5500
,학사회관,해물순두부찌개,밥류,5500
,학사회관,해물짬뽕밥,밥류,6000
,학사회관,낙지덮밥,밥류,6000
,밥샵,김치찌개(2인)+제육볶음(1인),세트,16000
,밥샵,된장찌개(2인)+제육볶음(1인),세트,16000
,밥샵,순두부찌개(2인)+제육볶음(1인),세트,16000
,밥샵,부대찌개(2인)+제육볶음(1인),세트,18000
,밥샵,동태찌개(2인)+제육볶음(1인),세트,18000
,밥샵,부대찌개(2인),식사,12000
,밥샵,부대찌개(3인),식사,18000
,밥샵,부대찌개(4인),식사,24000
,밥샵,김치찌개(2인),식사,10000
,밥샵,김치찌개(3인),식사,15000
,밥샵,김치찌개(4인),식사,20000
,밥샵,참치찌개(2인),식사,10000
,밥샵,참치찌개(3인),식사,15000
,밥샵,참치찌개(4인),식사,20000
,밥샵,꽁치찌개(2인),식사,11000
,밥샵,꽁치찌개(3인),식사,16000
,밥샵,꽁치찌개(4인),식사,22000
,밥샵,된장찌개(2인),식사,10000
,밥샵,된장찌개(3인),식사,15000
,밥샵,된장찌개(4인),식사,20000
,밥샵,순두부찌개(2인),식사,10000
,밥샵,순두부찌개(3인),식사,15000
,밥샵,순두부찌개(4인),식사,20000
,밥샵,만두전골(2인),식사,11000
,밥샵,만두전골(3인),식사,16000
,밥샵,만두전골(4인),식사,22000
,밥샵,동태찌개(2인),식사,12000
,밥샵,동태찌개(3인),식사,18000
,밥샵,동태찌개(4인),식사,24000
,밥샵,오삼불고기(2인),식사,12000
,밥샵,오삼불고기(3인),식사,18000
,밥샵,오삼불고기(4인),식사,24000
,밥샵,제육볶음(2인),식사,12000
,밥샵,제육볶음(3인),식사,18000
,밥샵,제육볶음(4인),식사,24000
,밥샵,닭고추장불고기(2인),식사,12000
,밥샵,닭고추장불고기(3인),식사,18000
,밥샵,닭고추장불고기(4인),식사,24000
,밥샵,안동찜닭(중),식사,22000
,밥샵,안동찜닭(대),식사,30000
,밥샵,두부김치,식사,15000
,밥샵,닭도리탕(중),식사,20000
,밥샵,닭도리탕(대),식사,27000
,밥샵,김치떡닭도리탕(중),식사,22000
,밥샵,김치떡닭도리탕(대),식사,30000
,밥샵,낙지볶음소면(중),식사,20000
,밥샵,낙지볶음소면(대),식사,30000
,밥샵,두부전골(중),식사,19000
,밥샵,두부전골(대),식사,27000
,밥샵,버섯전골(중),식사,20000
,밥샵,버섯전골(대),식사,30000
,밥샵,제육비빔밥,식사,5000
,밥샵,열무비빔밥,식사,5000
,밥샵,낙지비빔밥,식사,6000
,밥샵,오징어비빔밥,식사,5000
,한양촌,카드배달주문시총가격에서1000원추가,비고,0
,한양촌,감자탕(대),찜탕,30000
,한양촌,감자탕(중),찜탕,25000
,한양촌,감자탕(소),찜탕,20000
,한양촌,아구찜(대),찜탕,30000
,한양촌,아구찜(중),찜탕,25000
,한양촌,아구찜(소),찜탕,20000
,한양촌,아구탕(대),찜탕,30000
,한양촌,아구탕(중),찜탕,25000
,한양촌,아구탕(소),찜탕,20000
,한양촌,닭도리탕(대),찜탕,30000
,한양촌,닭도리탕(중),찜탕,25000
,한양촌,닭도리탕(소),찜탕,20000
,한양촌,불낙전골1인,찜탕,9000
,한양촌,삼계탕,찜탕,10000
,한양촌,낙지볶음,찌개/조림,8000
,한양촌,뼈해장국,찌개/조림,5000
,한양촌,뚝배기불백,찌개/조림,5000
,한양촌,동태찌개,찌개/조림,5000
,한양촌,갈치조림,찌개/조림,5000
,한양촌,부대찌개,찌개/조림,5000
,한양촌,청국장,찌개/조림,4000
,한양촌,오징어볶음,찌개/조림,4000
,한양촌,제육볶음,찌개/조림,4000
,한양촌,돌솥비빔밥,찌개/조림,4000
,한양촌,김치찌개,찌개/조림,4000
,한양촌,된장찌개,찌개/조림,4000
,한양촌,순두부찌개,찌개/조림,4000
,한양촌,냉면,찌개/조림,4000
,한양촌,떡국,찌개/조림,4000
,신전떡볶이,세트1(떡1+오뎅2+만두1+쿨피스1),세트,8000
,신전떡볶이,세트2(떡1+오뎅1+만두1+김말이1+잡채말이1+쿨피스1),세트,9500
,신전떡볶이,세트3(떡2+오뎅1+만두1+김말이1+잡채말이1+쿨피스1),세트,12500
,신전떡볶이,세트4(떡2+오뎅2+만두1+김말이1+잡채말이1+쿨피스1),세트,13500
,신전떡볶이,세트5(떡2+오뎅2+만두2+김말이1+잡채말이1+쿨피스1),세트,15000
,신전떡볶이,패밀리원세트(떡2+오뎅2+만두2+김말이2+잡채말이2+쿨피스1),세트,17500
,신전떡볶이,패밀리투세트(떡1+치떡1+오뎅2+만두2+김말이2+잡채말이2+쿨피스1),세트,18500
,신전떡볶이,떡볶이(순한or중간or매운),떡볶이,2500
,신전떡볶이,치즈떡볶이(순한or중간or매운),떡볶이,3500
,신전떡볶이,오뎅튀김(6개),토핑,1500
,신전떡볶이,만두튀김(5개),토핑,1500
,신전떡볶이,김말이튀김(3개),토핑,1500
,신전떡볶이,잡채말이튀김(3개),토핑,1500
,신전떡볶이,치즈스틱(3개),토핑,2000
,신전떡볶이,삶은계란(2개),토핑,1000
,신전떡볶이,치즈토핑,토핑,1000
,신전떡볶이,신전김밥,김밥,2000
,신전떡볶이,치즈김밥,김밥,2500
,신전떡볶이,참치마요컵밥,김밥,3000
,신전떡볶이,팥빙수,음료,4000
,신전떡볶이,쿨피스,음료,1500
,떡볶이&튀김,"""해물,카레,짜장떡볶이중1개선택/튀김1인분/주먹밥""",세트,17000
,떡볶이&튀김,닭발(뼈있는또는뼈없는)+튀김1인분+주먹밥,세트,19000
,떡볶이&튀김,오돌뼈+튀김1인분+주먹밥,세트,18000
,떡볶이&튀김,해물떡볶이,떡볶이,13000
,떡볶이&튀김,해물카레떡볶이,떡볶이,14000
,떡볶이&튀김,해물짜장떡볶이,떡볶이,14000
,떡볶이&튀김,"""수제튀김1인분(고기,김말이,야채,오징어,고구마,새우,계란중5개선택)""",사리,4000
,떡볶이&튀김,라면사리,사리,1000
,떡볶이&튀김,오뎅사리,사리,1000
,떡볶이&튀김,치즈추가,사리,1000
,떡볶이&튀김,쫄면사리,사리,2000
,떡볶이&튀김,우동사리,사리,2000
,떡볶이&튀김,주먹밥,사리,3000
,떡볶이&튀김,쿨피스,음료,1500
,떡볶이&튀김,사이다/콜라,음료,1000
,떡볶이&튀김,뼈있는국물닭발(2인분),기타,15000
,떡볶이&튀김,뼈없는국물 닭발,기타,14000
,떡볶이&튀김,닭볶음탕(1마리),기타,22000
,떡볶이&튀김,오돌뼈(2인분),기타,14000
,엽기떡볶이,엽기세트A(엽떡or엽오+모듬튀김+계란or메추리알+쿨피스450ml),세트,17000
,엽기떡볶이,엽기세트B(엽떡or엽오+모듬튀김+주먹김밥+계란or메추리알+쿨피스450ml),세트,19000
,엽기떡볶이,엽기세트C(엽떡or엽오+모듬튀김+주먹김밥+당면+계란or메추리알+쿨피스450ml,세트,21000
,엽기떡볶이,엽기떡볶이,엽떡,14000
,엽기떡볶이,엽기오뎅,엽떡,14000
,엽기떡볶이,엽기닭도리,엽떡,24000
,엽기떡볶이,참숯통닭발,참숯메뉴,14000
,엽기떡볶이,참숯뼈없는닭발,참숯메뉴,15000
,엽기떡볶이,국물닭발,참숯메뉴,15000
,엽기떡볶이,야채볶음닭발,참숯메뉴,15000
,엽기떡볶이,참숯닭날개,참숯메뉴,14000
,엽기떡볶이,불똥집,참숯메뉴,14000
,엽기떡볶이,오돌뼈,참숯메뉴,14000
,엽기떡볶이,돼지석쇠불고기,참숯메뉴,14000
,엽기떡볶이,주먹김밥,사이드메뉴,2000
,엽기떡볶이,누룽지탕,사이드메뉴,5000
,엽기떡볶이,계란야채죽,사이드메뉴,5000
,엽기떡볶이,오뎅탕,사이드메뉴,10000
,엽기떡볶이,치즈,토핑,3000
,엽기떡볶이,당면,토핑,2000
,엽기떡볶이,햄,토핑,1000
,엽기떡볶이,계란,토핑,1000
,엽기떡볶이,메추리알,토핑,1000
,엽기떡볶이,"""떡,오뎅사리추가""",토핑,1000
,엽기떡볶이,튀김만두(4개),토핑,2000
,엽기떡볶이,김말이튀김(3개),토핑,2000
,엽기떡볶이,야채튀김(1개),토핑,1000
,엽기떡볶이,순대(300g),토핑,3000
,엽기떡볶이,모듬튀김(야채튀김1+김말일1+만두2),토핑,2000
,엽기떡볶이,쿨피스450ml,음료,1000
,웁스떡볶이,1.(웁스떡볶이or웁스오뎅택1)+튀김만두+주먹김밥,세트,16000
,웁스떡볶이,2.(웁스떡볶이or웁스오뎅택1)+(튀김만두or주먹김밥택1)+쿨피스,세트,16000
,웁스떡볶이,3.(국물닭발or참숯닭발택1)+주먹김밥+쿨피스,세트,17000
,웁스떡볶이,웁스떡볶이(떡+오뎅+햄+치즈+계란찜),기본매뉴,13000
,웁스떡볶이,웁스오뎅(오뎅+떡+햄+치즈+계란찜),기본매뉴,13000
,웁스떡볶이,웁스닭도리,기본매뉴,22000
,웁스떡볶이,참숯닭발(참숯통닭발/참숯뼈없는닭발),기본매뉴,14000
,웁스떡볶이,국물닭발,기본매뉴,14000
,웁스떡볶이,누룽지탕,기본매뉴,5000
,웁스떡볶이,계란찜추가,추가,2000
,웁스떡볶이,떡추가,추가,1000
,웁스떡볶이,오뎅추가,추가,1000
,웁스떡볶이,햄추가,추가,1000
,웁스떡볶이,계란/메추리알,추가,1000
,웁스떡볶이,주먹김밥,추가,2000
,웁스떡볶이,튀김만두,추가,2000
,웁스떡볶이,당면,추가,2000
,웁스떡볶이,치즈,추가,3000
,웁스떡볶이,쿨피스,음료,2000
,웁스떡볶이,콜라,음료,2000
,웁스떡볶이,소주/맥주,음료,3000
,웁스떡볶이,4. (웁스짜장or사천떡볶이+튀김만두+주먹김밥),세트,16000
,웁스떡볶이,5.?(웁스짜장or사천떡볶이+튀김만두or주먹김밥+쿨피스),세트,16000
,웁스떡볶이,웁스짜장or사천떡볶이(떡+오뎅+햄+치즈+계란찜),기본매뉴,13000
,도스마스,부리또,기본/세트,3000
,도스마스,부리또+탄산음료,기본/세트,3700
,도스마스,부리또+탄산음료+감자튀김,기본/세트,5500
,도스마스,소고기추가요금,기본/세트,500
,도스마스,닭/믹스(소고기+닭),기본/세트,0
,도스마스,매운맛조절가능,기본/세트,0
,도스마스,점보(크기추가),토핑추가,1000
,도스마스,포테이토(추가),토핑추가,500
,도스마스,더블치즈(추가),토핑추가,500
,도스마스,모짜렐라치즈(추가),토핑추가,1000
,도스마스,할리피뇨(추가),토핑추가,500
,도스마스,소시지(추가),토핑추가,1000
,도스마스,새우튀김,사이드,2000
,도스마스,어니언링,사이드,2000
,도스마스,감자튀김,사이드,2000
,도스마스,콜라,음료,700
,맥도날드,빅맥세트,햄버거,6200
,맥도날드,빅맥단품,햄버거,4700
,맥도날드,메가맥세트,햄버거,7500
,맥도날드,메가맥단품,햄버거,5800
,맥도날드,1955버거세트,햄버거,7300
,맥도날드,1955버거단품,햄버거,5700
,맥도날드,쿼터파운더치즈세트,햄버거,4200
,맥도날드,쿼터파운더치즈단품,햄버거,5200
,맥도날드,베이컨토마토디럭스세트,햄버거,7100
,맥도날드,베이컨토마토디럭스단품,햄버거,5300
,맥도날드,맥스파이시상하이버거세트,햄버거,6200
,맥도날드,맥스파이시상하이버거단품,햄버거,4700
,맥도날드,디럭스슈림프버거세트,햄버거,6200
,맥도날드,디럭스슈림프버거단품,햄버거,4300
,맥도날드,더블1955버거,햄버거,6900
,맥도날드,더블디럭스슈림프버거,햄버거,5800
,맥도날드,더블쿼터파운더치즈,햄버거,6500
,맥도날드,불고기버거,햄버거,2300
,맥도날드,더블불고기버거,햄버거,4700
,맥도날드,치즈버거,햄버거,2700
,맥도날드,더블치즈버거,햄버거,4500
,맥도날드,햄버거,햄버거,2100
,맥도날드,맥윙4조각,사이드메뉴,4300
,맥도날드,맥스파이시치킨텐더4조각,사이드메뉴,4800
,맥도날드,맥윙8조각,사이드메뉴,8100
,맥도날드,맥윙2조각,사이드메뉴,2500
,맥도날드,맥너겟20조각,사이드메뉴,7700
,맥도날드,맥너겟10조각,사이드메뉴,4500
,맥도날드,맥스파이시치킨텐더8조각,사이드메뉴,8800
,맥도날드,맥스파이시치킨텐더2조각,사이드메뉴,2700
,맥도날드,스파이시비프스낵랩,사이드메뉴,2300
,맥도날드,후렌치후라이,사이드메뉴,1800
,맥도날드,파이애플후룻컵,사이드메뉴,1900
,맥도날드,스위트칠리소스(맥너겟/텐더용),사이드메뉴,200
,맥도날드,스위트앤사우어소스(맥너겟/텐더용),사이드메뉴,200
,맥도날드,케이준소스(맥너겟/텐더용),사이드메뉴,200
,맥도날드,스위트칠리소스(맥윙용),사이드메뉴,100
,맥도날드,오레오맥플러리,사이드메뉴,2700
,맥도날드,바닐라선데이아이스크림,사이드메뉴,1800
,맥도날드,치킨스낵팩,사이드메뉴,7900
,맥도날드,맥스파이시치킨스낵랩,사이드메뉴,2300
,맥도날드,아메리카노s,음료,1800
,맥도날드,아메리카노m,음료,2300
,맥도날드,카페라떼s,음료,2200
,맥도날드,카페라떼m,음료,2700
,맥도날드,카푸치노s,음료,2200
,맥도날드,카푸치노m,음료,2700
,맥도날드,에스프레소,음료,1800
,맥도날드,아이스카페라떼,음료,2700
,맥도날드,아이스아메리카노,음료,2300
,맥도날드,프리미엄로스트원두커피,음료,1300
,맥도날드,아이스커피,음료,1300
,맥도날드,콜라R,음료,1300
,맥도날드,콜라R제로,음료,1300
,맥도날드,스프라이트,음료,1300
,맥도날드,환타,음료,1300
,맥도날드,바닐라쉐이크,음료,2000
,맥도날드,딸기쉐이크,음료,2000
,맥도날드,초코쉐이크,음료,2000
,맥도날드,오레지주스,음료,2100
,맥도날드,우유,음료,1800
,맥도날드,생수,음료,1300
,맥도날드,에그맥머핀세트,모닝메뉴,4200
,맥도날드,에그맥머핀콤보,모닝메뉴,3200
,맥도날드,에그맥머핀단품,모닝메뉴,2800
,맥도날드,베이컨에그맥머핀세트,모닝메뉴,4200
,맥도날드,베이컨에그맥머핀단품,모닝메뉴,3000
,맥도날드,베이컨토마토머핀세트,모닝메뉴,4300
,맥도날드,베이컨토마토머핀단품,모닝메뉴,3100
,맥도날드,소시지에그맥머핀세트,모닝메뉴,4200
,맥도날드,소시지에그맥머핀단품,모닝메뉴,3000
,맥도날드,소시지에그랩4+1팩,모닝메뉴,7200
,맥도날드,소시지에그랩 단품,모닝메뉴,1800
,맥도날드,블루베리 석류 스무디,음료,2800
,맥도날드,딸기 바나나 스무디,음료,2800
,맥도날드,모카 프라페(휘핑크림 없음),음료,2800
,맥도날드,그린티 프라페(휘핑크림 없음),음료,2800
,귀족족발,"""실속세트(왕족발,미니매운족발,주먹밥)""",세트류,30000
,귀족족발,"""대박세트(왕족발,보쌈,매운왕족발)""",세트류,60000
,귀족족발,"""반반세트(왕족발,보쌈,매운왕족발)""",세트류,40000
,귀족족발,냉채족발,족발/보쌈,22000
,귀족족발,왕족발대,족발/보쌈,25000
,귀족족발,왕족발중,족발/보쌈,22000
,귀족족발,왕족발소,족발/보쌈,20000
,귀족족발,족발골뱅이,족발/보쌈,20000
,귀족족발,매운왕족발,족발/보쌈,25000
,귀족족발,미니매운족발대,족발/보쌈,18000
,귀족족발,미니매운족발중,족발/보쌈,15000
,귀족족발,보쌈대,족발/보쌈,25000
,귀족족발,보쌈중,족발/보쌈,22000
,귀족족발,보쌈소,족발/보쌈,20000
,귀족족발,쟁반막국수,사이드/기타,6000
,귀족족발,김범벅주먹밥(2인),사이드/기타,5000
,귀족족발,소주,사이드/기타,2000
,굽네치킨,굽네 오리지널,치킨,15000
,굽네치킨,굽네 오리지널(순살),치킨,18000
,굽네치킨,굽네 오리지널 통다리,치킨,17000
,굽네치킨,"""굽네 오리지널 윙,봉""",치킨,17000
,굽네치킨,고추 바사삭치킨,치킨,16000
,굽네치킨,고추 바사삭치킨(순살),치킨,19000
,굽네치킨,굽네 양념치킨,치킨,17000
,굽네치킨,굽네 쌀강정,치킨,17000
,굽네치킨,굽네 핫치킨,치킨,16000
,굽네치킨,굽네 데리치킨,치킨,17000
,굽네치킨,굽네폭립,사이드,18000
,굽네치킨,굽네핫미니족,사이드,17000
,굽네치킨,굽네핫닭발,사이드,16000
,굽네치킨,굽네볼케이노,치킨,17000
,굽네치킨,굽네후르츄소이갈릭,치킨,17000
,굽네치킨,굽네순살+굽네통다리,반반세트,18000
,굽네치킨,굽네순살+굽네윙봉,반반세트,18000
,굽네치킨,굽네통다리+굽네윙봉,반반세트,17000
,복천루,짜장면,면류,4500
,복천루,간짜장,면류,5000
,복천루,짬뽕,면류,5000
,복천루,우동,면류,5000
,복천루,울면,면류,5000
,복천루,볶짜면,면류,5500
,복천루,볶짬면,면류,5500
,복천루,탕짜면,면류,5500
,복천루,탕짬면,면류,5500
,복천루,탕볶밥,밥류,5500
,복천루,볶음밥,밥류,5500
,복천루,짜장밥,밥류,5500
,복천루,짬뽕밥,밥류,5500
,복천루,탕수육 小,요리류,12000
,복천루,탕수육 中,요리류,16000
,복천루,탕수육 大,요리류,21000
,복천루,세트0:탕수육+짜장2+만두+콜라,세트류,10000
,복천루,세트1.깐풍육+짜장2+만두+콜라,세트류,10000
,병천순대국,병천순대국,식사,6000
,병천순대국,뼈해장국,식사,7000
,병천순대국,우거지순대국,식사,7000
,병천순대국,매운순대국,식사,7000
,병천순대국,닭육계장,식사,6000
,병천순대국,뚝배기불고기,식사,6000
,병천순대국,반계탕,식사,7000
,병천순대국,삼계탕,식사,12000
,병천순대국,떡(만두)국 (밥포함),식사,6000
,병천순대국,부대찌개(1인분),식사,6000
,병천순대국,부대찌개(2인분),식사,14000
,병천순대국,참치알밥,식사,5000
,병천순대국,순대 한접시,식사,6000
,병천순대국,머리고기수육,안주메뉴,15000
,병천순대국,순대곱창볶음,안주메뉴,15000
,병천순대국,오징어순대,안주메뉴,15000
,병천순대국,술국,안주메뉴,12000
,병천순대국,모듬순대,안주메뉴,15000
,병천순대국,순대곱창전골,안주메뉴,28000
,돈까스원정대,세트1:(김치볶음밥 or 김치참치덮밥)+돈가스+소우동,볶음밥세트,7000
,돈까스원정대,세트2:(치킨데리야끼 or 해물볶음밥 or 새우볶음밥)+돈가스+소우동,볶음밥세트,8000
,돈까스원정대,원정대A세트:돈가스+치킨가스+소우동,돈가스세트,8000
,돈까스원정대,원정대B세트:돈가스+생선가스+소우동,돈가스세트,8000
,돈까스원정대,원정대C세트:돈가스+함박스텍+소우동,돈가스세트,8000
,돈까스원정대,원정대D세트:치킨가스+생선가스+소우동,돈가스세트,8000
,돈까스원정대,원정대E세트:생선가스+함박스텍+소우동,돈가스세트,8000
,돈까스원정대,원정대F세트:치킨가스+함박스텍+소우동,돈가스세트,8000
,돈까스원정대,모듬가스:돈가스+치킨가스+생선가스+함박스텍+새우가스,돈가스세트,13000
,돈까스원정대,새우가스추가,돈가스세트추가,2000
,돈까스원정대,어린이돈가스,돈가스및함박스텍,4500
,돈까스원정대,원정대돈가스,돈가스및함박스텍,6500
,돈까스원정대,카레돈가스,돈가스및함박스텍,7000
,돈까스원정대,치킨가스,돈가스및함박스텍,7000
,돈까스원정대,돈가스정식,돈가스및함박스텍,7000
,돈까스원정대,생선가스,돈가스및함박스텍,7000
,돈까스원정대,베이컨돈가스,돈가스및함박스텍,7000
,돈까스원정대,함박스텍,돈가스및함박스텍,7000
,돈까스원정대,새우가스,돈가스및함박스텍,7500
,돈까스원정대,치즈돈가스,돈가스및함박스텍,7500
,돈까스원정대,스페셜정식:돈가스+생선+함박+새우,돈가스및함박스텍,7500
,돈까스원정대,매운돈가스,돈가스및함박스텍,7000
,돈까스원정대,카레라이스,볶음밥및덮밥,5500
,돈까스원정대,참치김치덮밥,볶음밥및덮밥,5500
,돈까스원정대,김치카레돈가스덮밥,볶음밥및덮밥,7000
,돈까스원정대,새우볶음밥,볶음밥및덮밥,6000
,돈까스원정대,제육덮밥,볶음밥및덮밥,6000
,돈까스원정대,김치볶음밥,볶음밥및덮밥,5500
,돈까스원정대,해물볶음밥,볶음밥및덮밥,6500
,돈까스원정대,오징어덮밥,볶음밥및덮밥,6500
,돈까스원정대,치킨데리야끼볶음밥,볶음밥및덮밥,6500
,돈까스원정대,우동,우동류,3000
,돈까스원정대,김치우동,우동류,4000
,돈까스원정대,새우튀김우동,우동류,5000
,돈까스원정대,돈가스튀김우동,우동류,5000
,돈까스원정대,모듬우동(새우+김치+돈가스),우동류,5500
,돈까스원정대,냉모밀,우동류,5500
,돈까스원정대,냉모밀정식,우동류,8000
,돈까스원정대,소우동(타메뉴와 함께 주문시 배달가능),우동류,1500
,돈까스원정대,콜라,음료,1000
,돈까스원정대,사이다,음료,1000
,내가찜한닭,안동찜닭(대),찜닭,34000
,내가찜한닭,안동찜닭(중),찜닭,25000
,내가찜한닭,안동찜닭(소),찜닭,17000
,내가찜한닭,고추장찜닭(대),찜닭,34000
,내가찜한닭,고추장찜닭(중),찜닭,25000
,내가찜한닭,고추장찜닭(소),찜닭,17000
,내가찜한닭,순살안동찜닭(대),찜닭,34000
,내가찜한닭,순살안동찜닭(중),찜닭,25000
,내가찜한닭,순살안동찜닭(소),찜닭,17000
,내가찜한닭,순살고추장찜닭(대),찜닭,34000
,내가찜한닭,순살고추장찜닭(중),찜닭,25000
,내가찜한닭,순살고추장찜닭(소),찜닭,17000
,내가찜한닭,치즈찜닭안동맛(대),찜닭,37000
,내가찜한닭,치즈찜닭안동맛(중),찜닭,28000
,내가찜한닭,치즈찜닭안동맛(소),찜닭,20000
,내가찜한닭,치즈찜닭고추장맛(대),찜닭,37000
,내가찜한닭,치즈찜닭고추장맛(중),찜닭,28000
,내가찜한닭,치즈찜닭고추장맛(소),찜닭,20000
,내가찜한닭,만두,추가메뉴,2000
,내가찜한닭,당면,추가메뉴,2000
,내가찜한닭,치즈떡,추가메뉴,2000
,내가찜한닭,공기밥,추가메뉴,1000
,내가찜한닭,음료수500ml,음료,1000
,내가찜한닭,음료수1.2L,음료,2000
,피자샵,콤비네이션피자R,피자,12900
,피자샵,콤비네이션피자L,피자,14900
,피자샵,콤비네이션피자XXXL,피자,20900
,피자샵,불고기피자R,피자,12900
,피자샵,불고기피자L,피자,14900
,피자샵,불고기피자XXXL,피자,20900
,피자샵,치즈피자R,피자,12900
,피자샵,치즈피자L,피자,14900
,피자샵,치즈피자XXXL,피자,20900
,피자샵,야채피자R,피자,12900
,피자샵,야채피자L,피자,14900
,피자샵,야채피자XXXL,피자,20900
,피자샵,페페로니피자R,피자,12900
,피자샵,페페로니피자L,피자,14900
,피자샵,페페로니피자XXXL,피자,20900
,피자샵,하와이언피자R,피자,12900
,피자샵,하와이언피자L,피자,14900
,피자샵,하와이언피자XXXL,피자,20900
,피자샵,베이컨체다치즈피자R,피자,12900
,피자샵,베이컨체다치즈피자L,피자,14900
,피자샵,베이컨체다치즈피자XXXL,피자,20900
,피자샵,수제고구마피자R,피자,13900
,피자샵,수제고구마피자L,피자,15900
,피자샵,수제고구마피자XXXL,피자,22900
,피자샵,포테이토피자R,피자,13900
,피자샵,포테이토피자L,피자,15900
,피자샵,포테이토피자XXXL,피자,22900
,피자샵,치킨바베큐피자R,피자,13900
,피자샵,치킨바베큐피자L,피자,15900
,피자샵,치킨바베큐피자XXXL,피자,22900
,피자샵,핫치킨피자R,피자,13900
,피자샵,핫치킨피자L,피자,15900
,피자샵,핫치킨피자XXXL,피자,22900
,피자샵,통마늘불고기피자R,피자,13900
,피자샵,통마늘불고기피자L,피자,15900
,피자샵,통마늘불고기피자XXXL,피자,22900
,피자샵,쉬림프피자R,피자,14900
,피자샵,쉬림프피자L,피자,16900
,피자샵,쉬림프피자XXXL,피자,24900
,피자샵,핫치킨쉬림프피자R,피자,14900
,피자샵,핫치킨쉬림프피자,피자,16900
,피자샵,핫치킨쉬림프피자XXXL,피자,24900
,피자샵,더블바베큐피자R,피자,14900
,피자샵,더블바베큐피자L,피자,16900
,피자샵,더블바베큐피자XXXL,피자,24900
,피자샵,쏘핫불고기피자R,피자,14900
,피자샵,쏘핫불고기피자L,피자,16900
,피자샵,치즈후라이피자R,피자,14900
,피자샵,치즈후라이피자L,피자,16900
,피자샵,스파이시도이치피자R,피자,14900
,피자샵,스파이시도이치피자L,피자,16900
,피자샵,스파이시도이치피자XXXL,피자,24900
,피자샵,베이컨쉬림프피자R,피자,15900
,피자샵,베이컨쉬림프피자L,피자,17900
,피자샵,베이컨쉬림프피자XXXL,피자,26900
,피자샵,훈제치킨(한마리),사이드메뉴,9900
,피자샵,치즈오븐스파게티,사이드메뉴,5000
,피자샵,고구마스파게티,사이드메뉴,5500
,피자샵,핫칠리스파게티,사이드메뉴,5500
,피자샵,치킨스파게티,사이드메뉴,5500
,피자샵,오지치즈 후라이,사이드메뉴,5000
,피자샵,버팔로윙(5조각),사이드메뉴,4000
,피자샵,치킨텐더(4조각),사이드메뉴,4000
,피자샵,치즈스틱(5조각),사이드메뉴,4000
,피자샵,코카콜라500mL,사이드메뉴,1300
,피자샵,코카콜라1.25L,사이드메뉴,1800
,피자샵,스프라이트500mL,사이드메뉴,1300
,피자샵,스프라이트1.25L,사이드메뉴,1800
,피자샵,수제갈릭소스,사이드메뉴,400
,피자샵,수제피클,사이드메뉴,500
,피자샵,오리지널,도우선택,0
,피자샵,치즈크러스트,도우선택,3000
,피자샵,크림치즈,도우선택,4000
,피자샵,골드,도우선택,4000
,피자샵,바이트,도우선택,5000
,피자샵,리치골드,도우선택,5000
,피자샵,소보로,도우선택,5000
,피자샵,콤비네이션,토핑선택,0
,피자샵,불고기,토핑선택,0
,피자샵,치즈,토핑선택,0
,피자샵,야채,토핑선택,0
,피자샵,페페로니,토핑선택,0
,피자샵,하와이언,토핑선택,0
,피자샵,베이컨체다치즈,토핑선택,0
,피자샵,수제고구마,토핑선택,1000
,피자샵,포테이토,토핑선택,1000
,피자샵,치킨바베큐,토핑선택,1000
,피자샵,핫치킨,토핑선택,1000
,피자샵,통마늘불고기,토핑선택,1000
,피자샵,쉬림프,토핑선택,2000
,피자샵,핫치킨쉬림프,토핑선택,2000
,피자샵,더블바베큐,토핑선택,2000
,피자샵,쏘핫불고기,토핑선택,2000
,피자샵,스파이시도이치,토핑선택,2000
,피자샵,베이컨쉬림프,토핑선택,3000
,피자샵,하프앤하프피자R,하프앤하프피자,13900
,피자샵,하프앤하프피자L,하프앤하프피자,15900
,피자샵,하프앤하프피자XXXL,하프앤하프피자,22900
,피자샵,오리지널피자R + 오리지널피자R,원플러스원피자,22900
,피자샵,오리지널피자L + 오리지널피자L,원플러스원피자,26900
,피자샵,오리지널피자R + 치즈오븐스파게티 + 체다웨지감자 + 치킨텐더 + 핫윙,스위트박스,24900
,피자샵,오리지널피자R + 훈제치킨 + 그릴소세지 + 크리스피포테이토,스위트박스,28900
,피자샵,세트1: 오리지널피자L + 오븐스파게티 + 콜라500mL,세트메뉴,18500
,피자샵,세트2: 오리지널피자L + 오븐스파게티 + 버팔로윙 + 콜라1.25L,세트메뉴,22000
,피자샵,세트3: 오리지널피자L + 오븐스파게티 + 훈제치킨 + 콜라1.25L,세트메뉴,27000
,피자샵,세트4: 오리지널피자L + 오븐스파게티 + 버팔로윙 + 훈제치킨 + 콜라1.25L,세트메뉴,31000
,피자샵,세트5: 오리지널피자R + 오븐스파게티 + 콜라500mL,세트메뉴,16500
,피자샵,세트6: 오리지널피자R + 오븐스파게티 + 버팔로윙 + 콜라1.25L,세트메뉴,20000
,피자샵,세트7: 오리지널피자R + 오븐스파게티 + 훈제치킨 + 콜라1.25L,세트메뉴,25000
,피자샵,세트8: 오리지널피자R + 오븐스파게티 + 버팔로윙 + 훈제치킨 + 콜라1.25L,세트메뉴,29000
,피자샵,세트9: 오리지널피자L + 오븐스파게티 + 콜라500mL,세트메뉴,24000
,피자샵,세트10: 오리지널피자R + 훈제치킨 + 콜라1.25L,세트메뉴,22000
,토이엔,고급짜장,면류,8000
,토이엔,고급짬뽕,면류,10000
,토이엔,토이엔짜장,면류,5000
,토이엔,고추짜장,면류,6000
,토이엔,미치도록매운짜장,면류,7000
,토이엔,쟁반짜장,면류,6000
,토이엔,토이엔짬뽕,면류,6000
,토이엔,토이엔하얀짬뽕,면류,6000
,토이엔,토이엔볶음짬뽕,면류,7000
,토이엔,미치도록매운짬뽕,면류,7000
,토이엔,홍굴이짬뽕,면류,8000
,토이엔,토이엔굴짬뽕,면류,7000
,토이엔,토이엔우동,면류,6000
,토이엔,기스면,면류,6000
,토이엔,토이엔특선면,면류,7000
,토이엔,우육탕면,면류,8000
,토이엔,토이엔볶음밥,밥류,5000
,토이엔,삼선볶음밥,밥류,8000
,토이엔,새우볶음밥,밥류,7000
,토이엔,게살볶음밥,밥류,7000
,토이엔,닭고기볶음밥,밥류,7000
,토이엔,소고기잡채밥,밥류,6000
,토이엔,소고기마파두부밥,밥류,6000
,토이엔,소고기고추잡채밥,밥류,8000
,토이엔,토이엔특선밥,밥류,8000
,토이엔,송이덮밥,밥류,7000
,토이엔,유산슬밥,밥류,12000
,토이엔,잡탕밥,밥류,12000
,토이엔,누룽지탕식사,밥류,10000
,토이엔,짬뽕밥,밥류,6000
,토이엔,군만두,만두류,4000
,토이엔,물만두,만두류,4000
,토이엔,탕수육,돼지고기,14000
,토이엔,옛날탕수육,돼지고기,14000
,토이엔,광동탕수육,돼지고기,16000
,토이엔,사천탕수육,돼지고기,16000
,토이엔,찹쌀탕수육,돼지고기,16000
,토이엔,미치도록매운탕수육,돼지고기,17000
,토이엔,유린육,돼지고기,17000
,토이엔,전가복,해물잡품류,40000
,토이엔,양장피,해물잡품류,22000
,토이엔,유산슬,해물잡품류,30000
,토이엔,팔보채,해물잡품류,30000
,토이엔,오향장육,해물잡품류,25000
,토이엔,해파리냉채,해물잡품류,20000
,토이엔,세가지냉채,해물잡품류,30000
,토이엔,다섯가지냉채,해물잡품류,50000
,토이엔,특해물누룽지탕,해물잡품류,30000
,토이엔,소고기탕수육,소고기류,20000
,토이엔,소고기탕면잡채,소고기류,20000
,토이엔,소고기고추잡채,소고기류,25000
,토이엔,부추잡채,소고기류,25000
,토이엔,난자완스,소고기류,25000
,토이엔,깐풍기,닭고기류,20000
,토이엔,유린기,닭고기류,20000
,토이엔,라조기,닭고기류,20000
,토이엔,오렌지치킨탕수육,닭고기류,18000
,토이엔,매운고추닭고기볶음,닭고기류,20000
,토이엔,깐풍새우,새우류,25000
,토이엔,깐풍중새우,새우류,28000
,토이엔,작은새우칠리소스,새우류,25000
,토이엔,작은새우크림소스,새우류,25000
,토이엔,중새우칠리소스,새우류,28000
,토이엔,중새우크림소스,새우류,28000
,토이엔,왕새우칠리소스,새우류,33000
,토이엔,왕새우크림소스,새우류,33000
,토이엔,홍쇼관자,고급요리,45000
,토이엔,마라관자,고급요리,45000
,토이엔,전가복,고급요리,40000
,토이엔,송이전복,고급요리,50000
,토이엔,송이관자,고급요리,50000
,토이엔,송이볶음,고급요리,60000
,토이엔,모듬야채,고급요리,30000
,토이엔,어향도구,고급요리,40000
,토이엔,홍쇼쥬스,고급요리,30000
,토이엔,동파육,고급요리,30000
,토이엔,오룡해삼,고급요리,50000
,토이엔,홍쇼복살,고급요리,40000
,토이엔,마라복살,고급요리,40000
,토이엔,라조목살,고급요리,40000
,토이엔,옥수수스프,스프/탕류,10000
,토이엔,게살스프,스프/탕류,15000
,토이엔,새우완자탕,스프/탕류,15000
,토이엔,삼선술국,스프/탕류,12000
,토이엔,홍굴이탕,스프/탕류,12000
,토이엔,짬짜면,한그릇 두가지맛,6000
,토이엔,볶짜면,한그릇 두가지맛,7000
,토이엔,볶짬면,한그릇 두가지맛,7000
,토이엔,탕짜면,한그릇 두가지맛,8000
,토이엔,탕짬면,한그릇 두가지맛,8000
,토이엔,탕볶밥,한그릇 두가지맛,8000
,토이엔,탕수육+짜장1,셋트메뉴,14000
,토이엔,탕수육+짜장2,셋트메뉴,18000
,토이엔,탕수육+짬뽕1,셋트메뉴,15000
,토이엔,탕수육+짜장1+짬뽕1,셋트메뉴,19000
,토이엔,탕수육+짬뽕2,셋트메뉴,20000
,토이엔,탕수육+쟁반짜장2인,셋트메뉴,22000
,토이엔,깐풍기+짜장1,셋트메뉴,20000
,토이엔,깐풍기+짜장2,셋트메뉴,24000
,토이엔,깐풍기+짱뽕1,셋트메뉴,21000
,토이엔,깐풍기+짜장1+짬뽕1,셋트메뉴,25000
,토이엔,깐풍기+짬뽕2,셋트메뉴,26000
,토이엔,깐풍기+쟁반짜장2인,셋트메뉴,28000
,토이엔,양장피+짜장1,셋트메뉴,22000
,토이엔,양장피+짜장2,셋트메뉴,26000
,토이엔,양장피+짬뽕1,셋트메뉴,23000
,토이엔,양장피+짜장1+짬뽕1,셋트메뉴,27000
,토이엔,양장피+짬뽕2,셋트메뉴,28000
,토이엔,양장피+쟁반짜장2인,셋트메뉴,30000
,토이엔,고추잡채+짜장1,셋트메뉴,22000
,토이엔,고추잡채+짜장2,셋트메뉴,26000
,토이엔,고추잡채+짬뽕1,셋트메뉴,23000
,토이엔,고추잡채+짜장1+짬뽕1,셋트메뉴,27000
,토이엔,고추잡채+짬뽕2,셋트메뉴,28000
,토이엔,고추잡채+쟁반짜장2인,셋트메뉴,30000
,토이엔,팔보채+짜장1,셋트메뉴,26000
,토이엔,팔보채+짜장2,셋트메뉴,30000
,토이엔,팔보채+짬뽕1,셋트메뉴,27000
,토이엔,팔보채+짜장1+짬뽕1,셋트메뉴,31000
,토이엔,팔보채+짬뽕2,셋트메뉴,32000
,토이엔,팔보채+쟁반짜장2인,셋트메뉴,34000
,토이엔,(깐쇼/깐풍/크림)새우+짜장1,셋트메뉴,25000
,토이엔,(깐쇼/깐풍/크림)새우+짜장2,셋트메뉴,29000
,토이엔,(깐쇼/깐풍/크림)새우+짬뽕1,셋트메뉴,26000
,토이엔,(깐쇼/깐풍/크림)새우+짜장1+짬뽕1,셋트메뉴,30000
,토이엔,(깐쇼/깐풍/크림)새우+짬뽕2,셋트메뉴,31000
,토이엔,(깐쇼/깐풍/크림)새우+쟁반짜장2인,셋트메뉴,33000
,토이엔,A 코스:양장피+유산슬+탕수육+소고기고추잡채+꽃빵+만두,코스요리,70000
,토이엔,B 코스:세가지냉채+팔보채+작은새우칠리소스+동파육+소고기고추&부추잡채+꽃빵,코스요리,150000
,토이엔,C 코스:다섯가지냉채(특냉채)+샥스핀+전복송이+중새우+동파육+마라관자+소고기고추&,코스요리,250000
,토이엔,육개장,한식부,6000
,토이엔,갈비탕,한식부,6000
,토이엔,내장탕,한식부,6000
,토이엔,제육덮밥,한식부,6000
,토이엔,오징어덮밥,한식부,6000
,토이엔,냉짬뽕,여름메뉴,8000
,토이엔,중국냉면,여름메뉴,8000
,토이엔,물냉면,여름메뉴,6000
,토이엔,비빔냉면,여름메뉴,6000
,김밥천국,원조김밥,김밥류,2000
,김밥천국,고추김밥,김밥류,3000
,김밥천국,참치김밥,김밥류,3000
,김밥천국,김치김밥,김밥류,3000
,김밥천국,치즈김밥,김밥류,3000
,김밥천국,소고기김밥,김밥류,3500
,김밥천국,계란말이김밥,김밥류,3500
,김밥천국,누드김밥,김밥류,3500
,김밥천국,모듬김밥,김밥류,3500
,김밥천국,샐러드김밥,김밥류,3500
,김밥천국,라면,분식류,3000
,김밥천국,떡라면,분식류,3500
,김밥천국,치즈라면,분식류,3500
,김밥천국,햄라면,분식류,3500
,김밥천국,만두라면,분식류,3500
,김밥천국,김치라면,분식류,3500
,김밥천국,짬뽕라면,분식류,3500
,김밥천국,라제비,분식류,4000
,김밥천국,우동,분식류,4500
,김밥천국,김치우동,분식류,4500
,김밥천국,떡볶이,분식류,4000
,김밥천국,라볶이,분식류,4000
,김밥천국,치즈떡볶이,분식류,4500
,김밥천국,특라볶이(라면+떡+만두+치즈),분식류,5000
,김밥천국,오뎅,분식류,4000
,김밥천국,손수제비,분식류,4500
,김밥천국,칼국수,분식류,4500
,김밥천국,떡국,분식류,4500
,김밥천국,떡만두국,분식류,5000
,김밥천국,만두국,분식류,4500
,김밥천국,고기만두,분식류,4000
,김밥천국,김치만두,분식류,4000
,김밥천국,물만두,분식류,4000
,김밥천국,잔치국수,분식류,4500
,김밥천국,비빔국수,분식류,4500
,김밥천국,콩국수,분식류,5000
,김밥천국,물냉면,분식류,5000
,김밥천국,비빔냉면,분식류,5000
,김밥천국,쫄면,분식류,4500
,김밥천국,특쫄볶이(쫄면+떡+만두+치즈),분식류,5000
,김밥천국,돈까스,돈까스류,6000
,김밥천국,카레돈까스,돈까스류,6000
,김밥천국,고구마돈까스,돈까스류,6500
,김밥천국,치즈돈까스,돈까스류,6500
,김밥천국,치킨까스,돈까스류,6500
,김밥천국,스페셜정식(돈까스+김밥+쫄면+주먹밥),돈까스류,8000
,김밥천국,추억의도시락,식사류,5000
,김밥천국,오므라이스,식사류,5500
,김밥천국,카레라이스,식사류,5500
,김밥천국,김치볶음밥,식사류,5500
,김밥천국,김치덮밥,식사류,5500
,김밥천국,오징어덮밥,식사류,6000
,김밥천국,제육덮밥,식사류,5500
,김밥천국,참치덮밥,식사류,5500
,김밥천국,불고기덮밥,식사류,6000
,김밥천국,낙지덮밥,식사류,6000
,김밥천국,새우볶음밥,식사류,6000
,김밥천국,비빔밥,식사류,5500
,김밥천국,돌솥비빔밥,식사류,6000
,김밥천국,돌솥알밥,식사류,6000
,김밥천국,고등어김치조림,식사류,6500
,김밥천국,꽁치김치조림,식사류,6500
,김밥천국,김치찌개,식사류,5500
,김밥천국,참치찌개,식사류,5500
,김밥천국,된장찌개,식사류,5500
,김밥천국,순두부찌개,식사류,5500
,김밥천국,부대찌개,식사류,6000
,김밥천국,육개장,식사류,6000
,김밥천국,갈비탕,식사류,6000
,김밥천국,내장탕,식사류,6000
,김밥천국,설렁탕,식사류,6000
,김밥천국,양평해장국,식사류,6000
,김밥천국,다슬기해장국,식사류,6000
,김밥천국,뼈다귀해장국,식사류,6000
,김밥천국,소고기국밥,식사류,6000
,김밥천국,양푼비빔밥(2인분+된장찌개),식사류,11000
,김밥천국,양푼김치찌개(2인분+공기밥),식사류,11000
,김밥천국,돈까스+라면+김밥,세트메뉴,10000
,김밥천국,치즈돈까스+치즈라면+김밥,세트메뉴,11000
,김밥천국,오므라이스+라볶이+김밥,세트메뉴,10000
,김밥천국,추억의도시락+라볶이+김밥,세트메뉴,10000
,서울왕족발보쌈,사이즈 : 대,모듬(족발+보쌈),45000
,서울왕족발보쌈,사이즈 : 중,모듬(족발+보쌈),35000
,서울왕족발보쌈,사이즈 : 특대,족발,42000
,서울왕족발보쌈,사이즈 : 대,족발,36000
,서울왕족발보쌈,사이즈 : 중,족발,30000
,서울왕족발보쌈,사이즈 : 소,족발,25000
,서울왕족발보쌈,사이즈 : 특대,보쌈,42000
,서울왕족발보쌈,사이즈 : 대,보쌈,36000
,서울왕족발보쌈,사이즈 : 중,보쌈,30000
,서울왕족발보쌈,사이즈 : 소,보쌈,25000
,은지향,은지향짜장,식사류(면류),5000
,은지향,은지향짬뽕,식사류(면류),6000
,은지향,매콤은지향짜장,식사류(면류),5000
,은지향,하얀짬뽕,식사류(면류),6000
,은지향,특삼선짜장,식사류(면류),7000
,은지향,특삼선짬뽕,식사류(면류),8000
,은지향,특삼선우동,식사류(면류),8000
,은지향,쟁반짜장,식사류(면류),6000
,은지향,광동볶음짬뽕,식사류(면류),6000
,은지향,굴짬뽕,식사류(면류),7000
,은지향,은지향우동,식사류(면류),6000
,은지향,은지향울면,식사류(면류),6000
,은지향,기스면,식사류(면류),6000
,은지향,우육탕면,식사류(면류),8000
,은지향,은지향 특선면,식사류(면류),7000
,은지향,꽃빵,식사류(면류),4000
,은지향,군만두,식사류(면류),4000
,은지향,물만두,식사류(면류),4000
,은지향,볶음밥,식사류(밥류),5000
,은지향,특삼선볶음밥,식사류(밥류),8000
,은지향,김치볶음밥,식사류(밥류),6000
,은지향,새우볶음밥,식사류(밥류),7000
,은지향,게살볶음밥,식사류(밥류),7000
,은지향,닭고기볶음밥,식사류(밥류),7000
,은지향,짬뽕밥,식사류(밥류),6000
,은지향,잡채밥,식사류(밥류),6000
,은지향,마파두부밥,식사류(밥류),6000
,은지향,고추잡채밥,식사류(밥류),8000
,은지향,유산슬밥,식사류(밥류),12000
,은지향,잡탕밥,식사류(밥류),12000
,은지향,은지향특선밥,식사류(밥류),8000
,은지향,육개장,식사류(밥류),6000
,은지향,갈비탕,식사류(밥류),6000
,은지향,소내장탕,식사류(밥류),6000
,은지향,옥수수스프(소),스프류,6000
,은지향,옥수수스프(대),스프류,10000
,은지향,게살스프(소),스프류,10000
,은지향,게살스프(대),스프류,15000
,은지향,새우완자탕(소),스프류,10000
,은지향,새우완자탕(대),스프류,15000
,은지향,탕수육(소),돼지고기류,13000
,은지향,탕수육(중),돼지고기류,18000
,은지향,탕수육(대),돼지고기류,23000
,은지향,옛날탕수육(소),돼지고기류,13000
,은지향,옛날탕수육(중),돼지고기류,18000
,은지향,옛날탕수육(대),돼지고기류,23000
,은지향,광동매콤탕수육(소),돼지고기류,16000
,은지향,광동매콤탕수육(중),돼지고기류,20000
,은지향,광동매콤탕수육(대),돼지고기류,29000
,은지향,굴소스삼겹살찜(소),돼지고기류,25000
,은지향,굴소스삼겹살찜(대),돼지고기류,35000
,은지향,난자완스(소),소고기류,25000
,은지향,난자완스(대),소고기류,35000
,은지향,소고기탕수육(소),소고기류,20000
,은지향,소고기탕수육(대),소고기류,30000
,은지향,고추잡채(소),소고기류,25000
,은지향,고추잡채(대),소고기류,35000
,은지향,당면잡채(소),소고기류,20000
,은지향,당면잡채(대),소고기류,30000
,은지향,부추잡채(소),소고기류,25000
,은지향,부추잡채(대),소고기류,35000
,은지향,깐풍기(소),닭고기류,20000
,은지향,깐풍기(대),닭고기류,30000
,은지향,유린기(소),닭고기류,20000
,은지향,유린기(대),닭고기류,30000
,은지향,라조기(소),닭고기류,20000
,은지향,라조기(대),닭고기류,30000
,은지향,오렌지치킨탕수육(소),닭고기류,18000
,은지향,오렌지치킨탕수육(대),닭고기류,25000
,은지향,매운고추닭고기볶음(소),닭고기류,20000
,은지향,매운고추닭고기볶음(대),닭고기류,30000
,은지향,홍콩식매운닭고기(소),닭고기류,20000
,은지향,홍콩식매운닭고기(대),닭고기류,30000
,은지향,작은새우칠리소스(소),새우와게살,25000
,은지향,작은새우칠리소스(대),새우와게살,35000
,은지향,작은새우크림소스(소),새우와게살,25000
,은지향,작은새우크림소스(대),새우와게살,35000
,은지향,중새우칠리소스(소),새우와게살,25000
,은지향,중새우칠리소스(대),새우와게살,35000
,은지향,중새우크림소스(소),새우와게살,25000
,은지향,중새우크림소스(대),새우와게살,35000
,은지향,왕새우칠리소스(소),새우와게살,35000
,은지향,왕새우칠리소스(대),새우와게살,45000
,은지향,왕새우크림소스(소),새우와게살,35000
,은지향,왕새우크림소스(대),새우와게살,45000
,은지향,게살칠리소스(소),새우와게살,30000
,은지향,게살칠리소스(대),새우와게살,30000
,은지향,게살크림소스(소),새우와게살,30000
,은지향,게살크림소스(대),새우와게살,40000
,은지향,해물누룽지탕(소),해물잡품류,30000
,은지향,해물누룽지탕(대),해물잡품류,40000
,은지향,전가복(소),해물잡품류,40000
,은지향,전가복(대),해물잡품류,55000
,은지향,양장피(소),해물잡품류,22000
,은지향,양장피(대),해물잡품류,35000
,은지향,유산슬(소),해물잡품류,30000
,은지향,유산슬(대),해물잡품류,43000
,은지향,팔보채(소),해물잡품류,30000
,은지향,팔보채(대),해물잡품류,43000
,은지향,오항장육(소),해물잡품류,25000
,은지향,오항장육(대),해물잡품류,35000
,은지향,해파리냉채(소),해물잡품류,20000
,은지향,해파리냉채(대),해물잡품류,30000
,은지향,세가지냉채(소),해물잡품류,25000
,은지향,세가지냉채(대),해물잡품류,35000
,은지향,다섯가지냉채(소),해물잡품류,35000
,은지향,다섯가지냉채(대),해물잡품류,45000
,은지향,콩국수,여름특선,6000
,은지향,물냉면,여름특선,6000
,은지향,비빔냉면,여름특선,6000
,은지향,중국냉면,여름특선,8000
,은지향,짬짜면,두가지 요리를 동시에!,6000
,은지향,볶짬면,두가지 요리를 동시에!,7000
,은지향,볶짜면,두가지 요리를 동시에!,7000
,은지향,탕짜면,두가지 요리를 동시에!,8000
,은지향,탕짬면,두가지 요리를 동시에!,8000
,은지향,탕볶밥,두가지 요리를 동시에!,8000
,은지향,탕수육+짜장2개,세트메뉴,18000
,은지향,깐쇼새우+짜장2개,세트메뉴,23000
,은지향,깐풍기+짜장2개,세트메뉴,23000
,은지향,양장피+짜장2개,세트메뉴,23000
,은지향,팔보채+짜장2개,세트메뉴,23000
,장모족발,앞다리(대)+쟁반막국수+소주or콜라,족발(세트),36000
,장모족발,뒷다리(중)+쟁반막국수+소주or콜라,족발(세트),32000
,장모족발,핫바베큐족+쟁반막국수+소주or콜라,족발(세트),36000
,장모족발,오븐족+쟁반막국수+소주or콜라,족발(세트),36000
,장모족발,갈릭족+쟁반막국수+소주or콜라,족발(세트),36000
,장모족발,쟁반막국수,사이드,10000
,장모족발,모래집구이,사이드,10000
,장모족발,왕새우튀김,사이드,10000
,장모족발,고구마치즈스틱,사이드,10000
,장모족발,소주,사이드,2500
,시온반점,깐풍육+짜장2+콜라,한양사랑 캠퍼스세트,15000
,시온반점,0번) 탕수육+짜장1+콜라,세트메뉴,12000
,시온반점,1번) 탕수육+짜장2+콜라,세트메뉴,14000
,시온반점,2번) 탕수육+짜장+짬뽕+콜라,세트메뉴,15000
,시온반점,3번) 탕수육+쟁반짜장2+콜라,세트메뉴,18000
,시온반점,4번) 탕수육+볶음짬뽕2+콜라,세트메뉴,18000
,시온반점,5번) 깐풍기+짬뽕+짜장+콜라,세트메뉴,22000
,시온반점,6번) 탕수육+볶음밥2+콜라,세트메뉴,18000
,시온반점,7번) 깐풍기+쟁반짜장+콜라,세트메뉴,25000
,시온반점,8번) 고추잡채+쟁반짜장2+콜라,세트메뉴,25000
,시온반점,9번) 양장피+쟁반짜장2+콜라,세트메뉴,25000
,시온반점,10번) 깐풍기+쟁반짜장2+콜라,세트메뉴,25000
,시온반점,쟁반짜장 왕대(3인),특별메뉴,15000
,시온반점,볶음짬뽕 왕대(3인),특별메뉴,15000
,시온반점,갈비탕,계절메뉴,6000
,시온반점,육개장,계절메뉴,6000
,시온반점,콩국수,계절메뉴,6000
,시온반점,냉면,계절메뉴,6000
,시온반점,냉국수,계절메뉴,6000
,시온반점,비빔국수,계절메뉴,6000
,시온반점,짜장면,식사메뉴,4500
,시온반점,우동,식사메뉴,5000
,시온반점,짬뽕,식사메뉴,5000
,시온반점,울면,식사메뉴,5000
,시온반점,간짜장,식사메뉴,5000
,시온반점,볶음밥,식사메뉴,5500
,시온반점,짬뽕밥,식사메뉴,5500
,시온반점,김치볶음밤,식사메뉴,6000
,시온반점,짜장밥,식사메뉴,5500
,시온반점,쟁반짜장,식사메뉴,6000
,시온반점,볶음짬뽕,식사메뉴,6000
,시온반점,시온특면,식사메뉴,6000
,시온반점,기스면,식사메뉴,6000
,시온반점,유니짜장,식사메뉴,6000
,시온반점,삼선짜장,식사메뉴,6000
,시온반점,삼선우동,식사메뉴,6000
,시온반점,삼선짬뽕,식사메뉴,6000
,시온반점,삼선울면,식사메뉴,6000
,시온반점,고추짬뽕,식사메뉴,6000
,시온반점,삼선백짬뽕,식사메뉴,6000
,시온반점,군만두,식사메뉴,4000
,시온반점,물만두,식사메뉴,4000
,시온반점,오므라이스,식사메뉴,6000
,시온반점,잡채밥,식사메뉴,6000
,시온반점,송이밥,식사메뉴,7000
,시온반점,새우볶음밥,식사메뉴,7000
,시온반점,삼선짬뽕밥,식사메뉴,7000
,시온반점,삼선볶음밥,식사메뉴,7000
,시온반점,마파두부밥,식사메뉴,7000
,시온반점,고추잡채밥,식사메뉴,7000
,시온반점,시온특밥,식사메뉴,7000
,시온반점,유산슬밥,식사메뉴,12000
,시온반점,잡탕밥,식사메뉴,12000
,시온반점,탕수육小,요리부,12000
,시온반점,탕수육中,요리부,16000
,시온반점,탕수육大,요리부,21000
,시온반점,소고기탕수육,요리부,25000
,시온반점,사천탕수육,요리부,20000
,시온반점,해삼탕,요리부,40000
,시온반점,라조새우,요리부,40000
,시온반점,깐쇼새우,요리부,30000
,시온반점,라조기,요리부,22000
,시온반점,라조풍,요리부,22000
,시온반점,깐풍기,요리부,22000
,시온반점,깐풍육,요리부,22000
,시온반점,마파두부,요리부,15000
,시온반점,고추잡채,요리부,23000
,시온반점,부추잡채,요리부,23000
,시온반점,유산슬,요리부,30000
,시온반점,팔보채,요리부,27000
,시온반점,잡탕,요리부,27000
,시온반점,전가복,요리부,50000
,시온반점,샥스핀,요리부,50000
,시온반점,깐풍새우,요리부,30000
,시온반점,당면잡채,요리부,15000
,시온반점,양장피,요리부,25000
,시온반점,난자완스,요리부,25000
,시온반점,누룽지탕(中),요리부,25000
,시온반점,누룽지탕(小),요리부,15000
,시온반점,짬뽕국물,요리부,7000
,시온반점,삼선짱뽕국물,요리부,10000
,시온반점,A코스 탕수육+당면잡채+만두,코스요리,27000
,시온반점,B코스 양장피+탕수육+만두,코스요리,37000
,시온반점,C코스 팔보채+양장피+만두,코스요리,47000
,시온반점,D코스 유산슬+고추잡채+탕수육+만두+이과주,코스요리,65000
,피자나라치킨공주,맵고마피치세트 M,피치세트,19900
,피자나라치킨공주,맵고마피치세트 L,피치세트,22900
,피자나라치킨공주,살라미요피치세트 M,피치세트,18900
,피자나라치킨공주,살라미요피치세트 L,피치세트,21900
,피자나라치킨공주,순살화이트어니언피치세트 M,피치세트,19900
,피자나라치킨공주,순살화이트어니언피치세트 L,피치세트,22900
,피자나라치킨공주,스윗콤보피치세트 M,피치세트,19900
,피자나라치킨공주,스윗콤보피치세트 L,피치세트,22900
,피자나라치킨공주,통새우불고기피치세트,피치세트,19900
,피자나라치킨공주,통새우불고기피치세트 L,피치세트,22900
,피자나라치킨공주,페퍼간장피치세트 M,피치세트,17900
,피자나라치킨공주,페퍼간장피치세트 L,피치세트,20900
,피자나라치킨공주,골든치즈볼피치세트 M,피치세트,18900
,피자나라치킨공주,골든치즈볼피치세트 L,피치세트,21900
,피자나라치킨공주,트리플바비큐피치세트 M,피치세트,18900
,피자나라치킨공주,트리플바비큐피치세트 L,피치세트,21900
,피자나라치킨공주,허니갈릭피치세트 M,피치세트,18900
,피자나라치킨공주,허니갈릭피치세트 L,피치세트,21900
,피자나라치킨공주,치즈크리스피피치세트 M,피치세트,17900
,피자나라치킨공주,치즈크리스피피치세트 L,피치세트,20900
,피자나라치킨공주,순살쉬림프골드세트 M,피치세트,18900
,피자나라치킨공주,순살쉬림프골드세트 L,피치세트,21900
,피자나라치킨공주,갈릭앤갈릭피치세트 M,피치세트,18900
,피자나라치킨공주,갈릭앤갈릭피치세트 L,피치세트,21900
,피자나라치킨공주,스위트불고기피치세트 M,피치세트,17900
,피자나라치킨공주,스위트불고기피치세트 L,피치세트,20900
,피자나라치킨공주,더블포테이토피치세트 M,피치세트,17900
,피자나라치킨공주,더블포테이토피치세트 L,피치세트,20900
,피자나라치킨공주,크리미어니언피치세트 M,피치세트,17900
,피자나라치킨공주,크리미어니언피치세트 L,피치세트,20900
,피자나라치킨공주,피치세트 M,피치세트,15900
,피자나라치킨공주,피치세트 L,피치세트,18900
,피자나라치킨공주,고구마피치세트 M,피치세트,17900
,피자나라치킨공주,고구마피치세트 L,피치세트,20900
,피자나라치킨공주,핫리치피치세트 M,피치세트,17900
,피자나라치킨공주,핫리치피치세트 L,피치세트,20900
,피자나라치킨공주,페퍼로니피치세트 M,피치세트,15900
,피자나라치킨공주,페퍼로니피치세트 L,피치세트,18900
,피자나라치킨공주,치즈피치세트 M,피치세트,15900
,피자나라치킨공주,치즈피치세트 L,피치세트,18900
,피자나라치킨공주,탄두리커리피치세트 M,피치세트,17900
,피자나라치킨공주,탄두리커리피치세트 L,피치세트,20900
,피자나라치킨공주,순살닭다리피치세트 M,피치세트,17900
,피자나라치킨공주,순살닭다리피치세트 L,피치세트,20900
,피자나라치킨공주,로얄체다포크피자 M,피자,13900
,피자나라치킨공주,로얄체다포크피자 L,피자,16900
,피자나라치킨공주,살리미요피자 M,피자,14900
,피자나라치킨공주,살리미요피자 L,피자,17900
,피자나라치킨공주,통새우불고기피자 M,피자,14900
,피자나라치킨공주,통새우불고기피자 L,피자,17900
,피자나라치킨공주,골든치즈볼피자 M,피자,14900
,피자나라치킨공주,골든치즈볼피자 L,피자,17900
,피자나라치킨공주,트리플바비큐피자 M,피자,14900
,피자나라치킨공주,트리플바비큐피자 L,피자,17900
,피자나라치킨공주,갈릭앤갈릭피자 M,피자,14900
,피자나라치킨공주,갈릭앤갈릭피자 L,피자,17900
,피자나라치킨공주,스위트불고기피자 M,피자,13900
,피자나라치킨공주,스위트불고기피자 L,피자,16900
,피자나라치킨공주,더블포테이토피자 M,피자,13900
,피자나라치킨공주,더블포테이토피자 L,피자,16900
,피자나라치킨공주,크리미어니언피자 M,피자,13900
,피자나라치킨공주,크리미어니언피자 L,피자,16900
,피자나라치킨공주,콤비네이션피자 M,피자,10900
,피자나라치킨공주,콤비네이션피자 L,피자,13900
,피자나라치킨공주,고구마피자 M,피자,13900
,피자나라치킨공주,고구마피자 L,피자,16900
,피자나라치킨공주,핫리치피자 M,피자,13900
,피자나라치킨공주,핫리치피자 L,피자,16900
,피자나라치킨공주,페퍼로니피자 M,피자,10900
,피자나라치킨공주,페퍼로니피자 L,피자,13900
,피자나라치킨공주,치즈피자 M,피자,10900
,피자나라치킨공주,치즈피자 L,피자,13900
,피자나라치킨공주,맵고마치킨,치킨,16000
,피자나라치킨공주,순살화이트어니언치킨,치킨,16000
,피자나라치킨공주,스윗콤보치킨,치킨,16000
,피자나라치킨공주,페퍼간장치킨,치킨,14000
,피자나라치킨공주,허니갈릭치킨,치킨,15000
,피자나라치킨공주,치즈크리스피치킨,치킨,14000
,피자나라치킨공주,순살쉬림프골드치킨,치킨,15000
,피자나라치킨공주,탄두리커리치킨,치킨,14000
,피자나라치킨공주,후라이드치킨,치킨,12000
,피자나라치킨공주,양념치킨,치킨,13000
,피자나라치킨공주,순살닭다리치킨,치킨,15000
,피자나라치킨공주,양념,디핑소스,500
,피자나라치킨공주,리얼갈릭,디핑소스,700
,피자나라치킨공주,스위트칠리,디핑소스,700
,피자나라치킨공주,파인요거트,디핑소스,700
,피자나라치킨공주,맵고마,디핑소스,700
,피자나라치킨공주,500ml,콜라,700
,피자나라치킨공주,1.2L,콜라,1100
,피자나라치킨공주,치즈스틱 4EA,사이드메뉴,3500
,피자나라치킨공주,푸실리스스파게티,사이드메뉴,4000
,the 진국,수육국밥,식사류,6900
,the 진국,수육국밥(특),식사류,8000
,the 진국,순대국밥,식사류,6900
,the 진국,순대국밥(특),식사류,8000
,the 진국,얼큰국밥,식사류,6900
,the 진국,얼큰국밥(특),식사류,8000
,the 진국,직화물냉면,식사류,6500
,the 진국,직화비빔냉면,식사류,6500
,the 진국,명태회냉면,식사류,7000
,the 진국,수육백반정식(2인이상주문가능),식사류,10000
,the 진국,직화구이정식(2인이상주문가능),식사류,10000
,the 진국,얼큰술국,요리류,15000
,the 진국,수육보쌈(중),요리류,25000
,the 진국,수육보쌈(대),요리류,33000
,the 진국,수육전골(중),요리류,18000
,the 진국,수육전공(대),요리류,23000
,the 진국,족발냉채,요리류,20000
,the 진국,철판바베큐,요리류,15000
,그때그집,뼈행장국,메뉴,6500
,그때그집,비빔냉면,메뉴,5000
,그때그집,물냉면,메뉴,5000
,한양짱분식,비빔밥,식사류,5500
,한양짱분식,제육덮밥,식사류,5500
,한양짱분식,오징어덮밥,식사류,5500
,한양짱분식,카레덮밥,식사류,5500
,한양짱분식,참지김치볶음밥,식사류,5500
,한양짱분식,김치찌개,식사류,5500
,한양짱분식,된장찌개,식사류,5500
,한양짱분식,청국장,식사류,5500
,한양짱분식,돼지불고기,식사류,6000
,한양짱분식,오삼불고기,식사류,6000
,한양짱분식,소불고기,식사류,6000
,한양짱분식,갈비탕(겨울메뉴),식사류,6000
,한양짱분식,쭈불이,식사류,7000
,한양짱분식,라면,면류,3000
,한양짱분식,우동,면류,3000
,한양짱분식,치즈라면,면류,3500
,한양짱분식,떡라면,면류,4000
,한양짱분식,만두라면,면류,4000
,한양짱분식,라볶이,면류,4500
,한양짱분식,우동볶이,면류,4500
,한양짱분식,쫄볶이,면류,5000
,한양짱분식,쫄면,면류,5000
,한양짱분식,비빔국수,면류,5000
,한양짱분식,떡만두국,면류,5000
,한양짱분식,손칼국수,면류,5000
,한양짱분식,매운 라+우동,면류,5500
,한양짱분식,냉면,면류,5500
,한양짱분식,냉면+갈비(여름메뉴),면류,6500
,한양짱분식,흑미 야채김밥,흑미김밥,2000
,한양짱분식,흑미 김치김밥,흑미김밥,2500
,한양짱분식,흑미 매운고추김밥,흑미김밥,3500
,한양짱분식,흑미 참치김밥,흑미김밥,3500
,한양짱분식,흑미 치즈김밥,흑미김밥,3500
,한양짱분식,흑미 쇠고기김밥,흑미김밥,3500
,한양짱분식,흑미 제육김밥,흑미김밥,4000
,한양짱분식,흑미 날치알김밥,흑미김밥,4000
,한양짱분식,흑미 참치김밥,흑미김밥,4000
,한양짱분식,흑미 쇠고기치즈김밥,흑미김밥,4000
,한양짱분식,흑미 모듬김밥,흑미김밥,4500
,한양짱분식,흑미 참치주먹밥,흑미주먹밥(계란말이 추가시 + 1500),2000
,한양짱분식,흑미 쇠고기주먹밥,흑미주먹밥(계란말이 추가시 + 1500),2000
,한양짱분식,흑미 김치주먹밥,흑미주먹밥(계란말이 추가시 + 1500),2500
,한양짱분식,흑미 제육주먹밥,흑미주먹밥(계란말이 추가시 + 1500),3500
,한양짱분식,흑미 계란말이주먹밥(참치or쇠고기),흑미주먹밥(계란말이 추가시 + 1500),3500
,한양짱분식,흑미 매운고추주먹밥(참치or쇠고기),흑미주먹밥(계란말이 추가시 + 1500),3500
,한양짱분식,흑미 참치치즈주먹밥,흑미주먹밥(계란말이 추가시 + 1500),3500
,한양짱분식,흑미 쇠고기치즈주먹밥,흑미주먹밥(계란말이 추가시 + 1500),3500
,한양짱분식,흑미 비빔참치주먹밥,흑미주먹밥(계란말이 추가시 + 1500),4000
,한양짱분식,흑미 비빔쇠고기주먹밥,흑미주먹밥(계란말이 추가시 + 1500),4000
,한양짱분식,흑미 비빔참치치즈주먹밥,흑미주먹밥(계란말이 추가시 + 1500),4500
,한양짱분식,흑미 비빔쇠고기치즈주먹밥,흑미주먹밥(계란말이 추가시 + 1500),4500
,한양짱분식,"""기본사리:떡,라,오,쫄,야끼,계란""",즉석떡볶이,0
,한양짱분식,사리추가 각각 1000원,즉석떡볶이,1000
,한양짱분식,소(2인분),즉석떡볶이,9000
,한양짱분식,중(3-4인분),즉석떡볶이,13500
,한양짱분식,대(4인분이상),즉석떡볶이,18000
,한양짱분식,만두1인분(10개),즉석떡볶이,4000
,한양짱분식,오뎅1인분 (겨울메뉴,즉석떡볶이,2500
,한양짱분식,라면+김밥or주먹밥,세트,4500
,한양짱분식,우동+김밥or주먹밥,세트,4500
,한양짱분식,치즈라면+김밥or주먹밥,세트,5000
,한양짱분식,만두라면+김밥or주먹밥,세트,5500
,한양짱분식,떡라면+김밥or주먹밥,세트,5500
,한양짱분식,만두+김밥or주먹밥,세트,5500
,한양짱분식,라면+참치김밥or치즈김밥,세트,6000
,한양짱분식,라볶이+김밥or주먹밥,세트,6000
,한양짱분식,떡라면+참치김밥or치즈김밥,세트,7000
,한양짱분식,라볶이+참치김밥or치즈김밥,세트,7500
,카모메,카모메 무스비,오니기리,1200
,카모메,참치 마요네즈,오니기리,1800
,카모메,크레미 샐러리,오니기리,1900
,카모메,치즈 날치알,오니기리,1900
,카모메,고추장 불고기,오니기리,2000
,카모메,김치 참치,오니기리,2000
,카모메,김치 베이컨,오니기리,2000
,카모메,매콤 멸치,오니기리,2100
,카모메,달콤견과 며치,오니기리,2100
,카모메,데리아끼 치킨,오니기리,2200
,카모메,불고기,오니기리,2200
,카모메,불닭,오니기리,2200
,카모메,구운 명란,오니기리,2400
,카모메,구운 연어,오니기리,2500
,카모메,구운 스팸,오니기리,2500
,카모메,1.크래미샐러리+구운명란,Mix 오니기리 (주문시 번호로),2700
,카모메,2.불닭+구운명란,Mix 오니기리 (주문시 번호로),2700
,카모메,3.불닭+스팸,Mix 오니기리 (주문시 번호로),2700
,카모메,4.참치마요네즈+고추장불고기,Mix 오니기리 (주문시 번호로),2700
,카모메,5.스팸+김치참치,Mix 오니기리 (주문시 번호로),2700
,카모메,6.참치마요네즈+불닭,Mix 오니기리 (주문시 번호로),2700
,카모메,7.치즈날치알+참치마요네즈,Mix 오니기리 (주문시 번호로),2700
,카모메,8.매콤멸치+스팸,Mix 오니기리 (주문시 번호로),2700
,카모메,카모메세트(카모메우동+Mix오니기리1),Set,6000
,카모메,싱글세트(Noodle중 택1+Mix오니기리1),Set,8300
,카모메,스페셜세트(Noodle중 택1+Mix오니기리2),Set,10600
,카모메,커플세트(Noodle중 택1+Mix오니기리2+샐러드),Set,13000
,카모메,카모메 우동,Noodle,4000
,카모메,오뎅 우동,Noodle,6000
,카모메,샐러드 우동,Noodle,6000
,카모메,홍 우동,Noodle,6000
,카모메,볶음 우동,Noodle,6000
,카모메,차슈 우동,Noodle,6000
,카모메,나가사키 짬뽕,Noodle,6000
,카모메,크림명란 우동,Noodle,6000
,카모메,야끼 우동,Noodle,6000
,카모메,냉우동 (여름메뉴),Noodle,6000
,카모메,냉모밀 (여름메뉴),Noodle,6500
,카모메,우삼겹덮밥,Donburi,6000
,카모메,돈까스덮밥,Donburi,6500
,카모메,새우까스덮밥,Donburi,6500
,카모메,아쿠아돈까스,Donburi,6800
,카모메,크림새우덮밥,Donburi,6800
,카모메,차슈덮밥,Donburi,6800
,카모메,치킨카레라이스,Curry,6000
,카모메,치킨카레우동,Curry,6000
,카모메,카레고로케,Curry,6300
,카모메,카레돈가스,Curry,6500
,카모메,카레치킨가라아게,Curry,6800
,카모메,카레왕새우,Curry,6800
,카모메,날크박스 (치즈날치알+크래미),Rice Box,3800
,카모메,불크박스(불닭+크래미),Rice Box,3800
,카모메,고매박스(고추장불고기+매콤멸치),Rice Box,3800
,카모메,데불박스(데리야끼치킨+불고기),Rice Box,3800
,카모메,"""드레싱: 키위드레싱,오리엔탈드레싱 중 택1""",카모메 샐러드,3300
,카모메,"""토핑: 참치마요네즈,치즈날치알,크래미샐러리 중 택1""",카모메 샐러드,3300
