shop_id,menu_name,extender_menu,price
1,3종세트(후라이드+양념+깐풍),세트메뉴,18000
1,웰빙파닭(후라이드+양념),세트메뉴,18000
1,웰빙파닭(후라이드+깐풍기),세트메뉴,18000
1,웰빙파닭(양념+깐풍기),세트메뉴,19000
1,후라이드치킨(뼈or순살),치킨,16000
1,양념치킨(뼈or순살),치킨,17000
1,깐풍치킨(뼈or순살),치킨,17000
1,매콤후라이드,치킨,17000
1,똥집감자튀김,사이드메뉴,10000
1,깐풍똥집,사이드메뉴,12000
1,생맥500cc,음료,3000
1,생맥1700cc,음료,10000
1,소주,음료,3000
1,병맥주,음료,4000
1,콜라/사이다(중),음료,1500
1,콜라/사이다(대),음료,2500
2,순살1가지선택(깐풍닭or탕수닭or튀김닭or양념닭or간장닭) + 콜라500ml,세트메뉴,11000
2,순살2가지선택(깐풍닭or탕수닭or튀김닭or양념닭or간장닭) + 콜라1.25L,세트메뉴,17000
2,순살3가지선택(깐풍닭or탕수닭or튀김닭or양념닭or간장닭) + 콜라1.25L,세트메뉴,25000
2,안동찜닭,치킨,18000
2,닭도리탕,치킨,18000
3,후라이드반+양념반윙봉(마일드or핫),세트메뉴,16000
3,후라이드반+양념반윙봉20조각(마일드or핫),세트메뉴,17000
3,닭다리반(4조각)+닭날개반(5조각)(마일드or핫),세트메뉴,17000
3,골드링양파닭(오리지널),치킨,18000
3,골드링양파닭(순살),치킨,20000
3,닭다리(마일드or핫),치킨,17000
3,닭날개(마일드or핫),치킨,17000
3,참나무훈제치킨,치킨,15000
3,네네흑임자치킨,치킨,20000
3,네네마늘치킨(오리지날),치킨,17000
3,네네마늘치킨(순살),치킨,19000
3,네네순살닭강정,치킨,18000
3,스노윙치킨야채(오리지날),치킨,17000
3,스노윙치킨야채(순살),치킨,19000
3,스노윙치킨치즈(오리지날),치킨,17000
3,스노윙치킨치즈(순살),치킨,19000
3,오리엔탈파닭(오리지날),치킨,17000
3,오리엔탈파닭(순살),치킨,19000
3,쇼킹핫양념치킨(오리지날),치킨,17000
3,쇼킹핫양념치킨(순살),치킨,19000
3,후라이드치킨(오리지날)(마일드or핫),치킨,15000
3,후라이드치킨(순살)(마일드or핫),치킨,17000
3,양념치킨,치킨,16000
3,후닭(마일드or핫),치킨,16000
3,후닭윙봉(마일드or핫),치킨,18000
3,네네스위틱,사이드메뉴,3000
3,후닭(순살)(마일드or핫),치킨,18000
3,안동찜닭(대),찜닭,34000
4,맛초킹,치킨,17000
4,맛초킹윙,치킨,17000
4,쏘스에무쵸,치킨,18000
4,쇼스에무쵸핫,치킨,18000
4,뿌링클,치킨,17000
4,뿌링클핫,치킨,18000
4,바삭클,치킨,15000
4,프리미엄텐더요레요레(애플or레몬),치킨,17000
4,별코치,치킨,18000
4,치킨강정한마리,치킨,18000
4,순살떡감정(매콤or달콤),치킨,19500
4,순살치킨강정(매콤or달콤),치킨,19000
4,"""순살파닭(간장,겨자,파추가시1000원)""",치킨,19500
4,매운닭날개구이,치킨,15000
4,순살뿌링클,치킨,19000
4,순살뿌링클핫,치킨,19900
4,순살바삭클,치킨,18000
4,후라이드치킨,치킨,15000
4,핫후라이드치킨,치킨,16000
4,닭날개후라이드,치킨,17000
4,닭다리후라이드치킨(8조각),치킨,17000
4,양념치킨,치킨,16000
4,매운맛양념치킨,치킨,17000
4,반반치킨(후라이드반+양념반),치킨,16000
4,루팡치킨한마리,치킨,18000
4,루팡치킨날개,치킨,18000
4,간장골드한마리,치킨,16000
4,간장골드윙,치킨,17000
4,간장골드닭다리,치킨,17000
4,간장골드다리윙,치킨,17000
4,달콤바삭치즈볼(5개),사이드메뉴,5000
4,케이준프라이,사이드메뉴,3000
4,뿌링콜팝,사이드메뉴,3500
4,왕콜팝,사이드메뉴,4000
4,미니콜팝,사이드메뉴,3000
4,커리퀸,치킨,17000
4,순살커리퀸,치킨,19000
4,뿌링치즈스틱,사이드메뉴,4000
4,리코타치즈샐러드,사이드메뉴,7000
4,케이준프라이,사이드메뉴,3000
4,뿌링뿌링소스,사이드메뉴,1500
4,콜팝치킨,사이드메뉴,3000
5,SET1)후라이드치킨(大)+콤비네이션피자R+콜라500ml+쿠폰,세트메뉴,17000
5,SET2)양념치킨(大)+콤비네이션피자R+콜라500ml+쿠폰,세트메뉴,18000
5,SET3)순살치킨(大)+콤비네이션피자R+콜라500ml+쿠폰,세트메뉴,17000
5,SET4)순살양념치킨(大)+콤비네이션피자R+콜라500ml+쿠폰,세트메뉴,18000
5,SET5)다리치킨(大)+콤비네이션피자R+콜라500ml+쿠폰,세트메뉴,19000
5,SET6)날개치킨(大)+콤비네이션피자R+콜라500ml+쿠폰,세트메뉴,19000
5,SET7)다리+날개치킨(大)+콤비네이션피자R+콜라500ml+쿠폰,세트메뉴,19000
5,SET8)간장치킨(大)+콤비네이션피자R+콜라500ML+쿠폰,세트메뉴,19000
5,순살두마리치킨(후라이드+양념)+콜라(大),세트메뉴,19000
5,후라이드치킨+콤비네이션피자(L)+콜라(大),세트메뉴,20500
5,후라이드치킨+치즈크러스트(L)+콜라(大),세트메뉴,22000
5,콤비네이션피자L,피자,11500
5,콤비네이션피자R,피자,9500
5,불고기피자L,피자,11500
5,불고기피자R,피자,9500
5,페페로니피자L,피자,11500
5,페페로니피자R,피자,9500
5,치즈크러스트피자L,피자,13000
5,치즈크러스트피자R,피자,10000
5,포테이토피자L,피자,14000
5,포테이토피자R,피자,11000
5,고구마피자L,피자,15000
5,고구마피자R,피자,12000
5,리치골드L,피자,15000
5,리치골드R,피자,12000
5,치즈바이트L,피자,15000
5,치즈바이트R,피자,12000
5,후라이드치킨,치킨,13000
5,양념치킨,치킨,14000
5,순살후라이드,치킨,13000
5,순살양념,치킨,14000
5,다리+날개,치킨,15000
5,다리치킨,치킨,15000
5,날개치킨,치킨,15000
5,간장치킨,치킨,15000
6,"""후라이드+간장,양념,겨자,마늘,불닭,웰빙중택1""",후라이드+세트,17000
6,후라이드+양념,후라이드+세트,17000
6,후라이드+겨자,후라이드+세트,17000
6,후라이드+마늘,후라이드+세트,17000
6,후라이드+불닭,후라이드+세트,17000
6,후라이드+웰빙,후라이드+세트,17000
6,아래7개매뉴중2개선택!,두마리세트,18000
6,"""후라이드,간장,양념""",두마리세트,0
6,"""겨자,마늘,불닭,카레 (1000원 추가)""",두마리세트,0
6,"""먹물,치즈머스타드 (2000원 추가)""",두마리세트,0
6,양파순살(어니언)시 1000원 추가,두마리세트,0
6,아래7개매뉴중3개선택!,세마리세트,27000
6,"""후라이드,간장,양념""",세마리세트,0
6,"""겨자,마늘,불닭,카레 (1000원 추가)""",세마리세트,0
6,"""먹물,치즈머스타드 (2000원 추가)""",세마리세트,0
6,양파순살(어니언)시 1000원 추가,세마리세트,0
6,아래7개매뉴중1개선택!,한마리,13000
6,"""후라이드,간장,양념""",한마리,0
6,"""겨자,마늘,불닭,카레 (1000원 추가)""",한마리,0
6,"""먹물,치즈머스타드 (2000원 추가)""",한마리,0
6,양파순살(어니언)시 1000원 추가,한마리,0
7,굽네 오리지널,치킨,15000
7,굽네 오리지널(순살),치킨,18000
7,굽네 오리지널 통다리,치킨,17000
7,"""굽네 오리지널 윙,봉""",치킨,17000
7,고추 바사삭치킨,치킨,16000
7,고추 바사삭치킨(순살),치킨,19000
7,굽네 양념치킨,치킨,17000
7,굽네 쌀강정,치킨,17000
7,굽네 핫치킨,치킨,16000
7,굽네 데리치킨,치킨,17000
7,굽네폭립,사이드,18000
7,굽네핫미니족,사이드,17000
7,굽네핫닭발,사이드,16000
7,굽네볼케이노,치킨,17000
7,굽네후르츄소이갈릭,치킨,17000
7,굽네순살+굽네통다리,반반세트,18000
7,굽네순살+굽네윙봉,반반세트,18000
7,굽네통다리+굽네윙봉,반반세트,17000
8,맵고마피치세트 M,피치세트,19900
8,맵고마피치세트 L,피치세트,22900
8,살라미요피치세트 M,피치세트,18900
8,살라미요피치세트 L,피치세트,21900
8,순살화이트어니언피치세트 M,피치세트,19900
8,순살화이트어니언피치세트 L,피치세트,22900
8,스윗콤보피치세트 M,피치세트,19900
8,스윗콤보피치세트 L,피치세트,22900
8,통새우불고기피치세트,피치세트,19900
8,통새우불고기피치세트 L,피치세트,22900
8,페퍼간장피치세트 M,피치세트,17900
8,페퍼간장피치세트 L,피치세트,20900
8,골든치즈볼피치세트 M,피치세트,18900
8,골든치즈볼피치세트 L,피치세트,21900
8,트리플바비큐피치세트 M,피치세트,18900
8,트리플바비큐피치세트 L,피치세트,21900
8,허니갈릭피치세트 M,피치세트,18900
8,허니갈릭피치세트 L,피치세트,21900
8,치즈크리스피피치세트 M,피치세트,17900
8,치즈크리스피피치세트 L,피치세트,20900
8,순살쉬림프골드세트 M,피치세트,18900
8,순살쉬림프골드세트 L,피치세트,21900
8,갈릭앤갈릭피치세트 M,피치세트,18900
8,갈릭앤갈릭피치세트 L,피치세트,21900
8,스위트불고기피치세트 M,피치세트,17900
8,스위트불고기피치세트 L,피치세트,20900
8,더블포테이토피치세트 M,피치세트,17900
8,더블포테이토피치세트 L,피치세트,20900
8,크리미어니언피치세트 M,피치세트,17900
8,크리미어니언피치세트 L,피치세트,20900
8,피치세트 M,피치세트,15900
8,피치세트 L,피치세트,18900
8,고구마피치세트 M,피치세트,17900
8,고구마피치세트 L,피치세트,20900
8,핫리치피치세트 M,피치세트,17900
8,핫리치피치세트 L,피치세트,20900
8,페퍼로니피치세트 M,피치세트,15900
8,페퍼로니피치세트 L,피치세트,18900
8,치즈피치세트 M,피치세트,15900
8,치즈피치세트 L,피치세트,18900
8,탄두리커리피치세트 M,피치세트,17900
8,탄두리커리피치세트 L,피치세트,20900
8,순살닭다리피치세트 M,피치세트,17900
8,순살닭다리피치세트 L,피치세트,20900
8,로얄체다포크피자 M,피자,13900
8,로얄체다포크피자 L,피자,16900
8,살리미요피자 M,피자,14900
8,살리미요피자 L,피자,17900
8,통새우불고기피자 M,피자,14900
8,통새우불고기피자 L,피자,17900
8,골든치즈볼피자 M,피자,14900
8,골든치즈볼피자 L,피자,17900
8,트리플바비큐피자 M,피자,14900
8,트리플바비큐피자 L,피자,17900
8,갈릭앤갈릭피자 M,피자,14900
8,갈릭앤갈릭피자 L,피자,17900
8,스위트불고기피자 M,피자,13900
8,스위트불고기피자 L,피자,16900
8,더블포테이토피자 M,피자,13900
8,더블포테이토피자 L,피자,16900
8,크리미어니언피자 M,피자,13900
8,크리미어니언피자 L,피자,16900
8,콤비네이션피자 M,피자,10900
8,콤비네이션피자 L,피자,13900
8,고구마피자 M,피자,13900
8,고구마피자 L,피자,16900
8,핫리치피자 M,피자,13900
8,핫리치피자 L,피자,16900
8,페퍼로니피자 M,피자,10900
8,페퍼로니피자 L,피자,13900
8,치즈피자 M,피자,10900
8,치즈피자 L,피자,13900
8,맵고마치킨,치킨,16000
8,순살화이트어니언치킨,치킨,16000
8,스윗콤보치킨,치킨,16000
8,페퍼간장치킨,치킨,14000
8,허니갈릭치킨,치킨,15000
8,치즈크리스피치킨,치킨,14000
8,순살쉬림프골드치킨,치킨,15000
8,탄두리커리치킨,치킨,14000
8,후라이드치킨,치킨,12000
8,양념치킨,치킨,13000
8,순살닭다리치킨,치킨,15000
8,양념,디핑소스,500
8,리얼갈릭,디핑소스,700
8,스위트칠리,디핑소스,700
8,파인요거트,디핑소스,700
8,맵고마,디핑소스,700
8,500ml,콜라,700
8,1.2L,콜라,1100
8,치즈스틱 4EA,사이드메뉴,3500
8,푸실리스스파게티,사이드메뉴,4000
9,Set A(짜장2+탕수육),세트메뉴,19000
9,Set B(짬뽕2+탕수육),세트메뉴,20000
9,Set C(쟁반짜장(2인분)+탕수육),세트메뉴,21000
9,짜장면,면류,5000
9,간짜장,면류,5500
9,짬뽕,면류,5500
9,우동,면류,5500
9,울면,면류,5500
9,삼선간짜장,면류,6500
9,기스면,면류,6500
9,삼선우동,면류,7500
9,삼선짬뽕,면류,7500
9,삼선울면,면류,7500
9,하얀짬뽕,면류,7500
9,해물탕면,면류,7500
9,압구정특면,면류,8000
9,삼선고추짬뽕,면류,7500
9,삼선쟁반짜장(2인분),면류,12000
9,삼선쟁반짜장(1인분),면류,6500
9,삼선쟁반짬뽕(2인분),면류,13000
9,삼선쟁반짬뽕(1인분),면류,7500
9,짜장밥,밥류,5500
9,볶음밥,밥류,5500
9,짬뽕밥,밥류,6000
9,삼선볶음밥,밥류,7000
9,새우볶음밥,밥류,7000
9,마파두부밥,밥류,7000
9,잡채밥,밥류,6500
9,고추잡채밥,밥류,7500
9,라조육밥,밥류,8000
9,송이덮밥,밥류,7500
9,삼선짬뽕밥,밥류,8000
9,게살볶음밥,밥류,8000
9,특밥,밥류,9000
9,유산슬밥,밥류,11000
9,잡탕밥,밥류,12000
9,해삼탕밥,밥류,12000
9,등심탕수육(대),요리류,25000
9,등심탕수육(중),요리류,19000
9,등심탕수육(소),요리류,14000
9,사천탕수육(대),요리류,25000
9,사천탕수육(중),요리류,19000
9,소고기탕수육(대),요리류,30000
9,소고기탕수육(중),요리류,24000
9,유린육(대),요리류,25000
9,유린육(중),요리류,20000
9,깐풍육(대),요리류,25000
9,깐풍육(중),요리류,20000
9,고추잡채(대),요리류,25000
9,고추잡채(중),요리류,20000
9,잡채(대),요리류,20000
9,잡채(중),요리류,15000
9,라조육(대),요리류,25000
9,라조육(중),요리류,20000
9,깐풍우육,요리류,30000
9,난자완스,요리류,25000
9,오향장육,요리류,30000
9,양장피(대),요리류,30000
9,양장피(중),요리류,22000
9,팔보채(대),요리류,32000
9,팔보채(중),요리류,27000
9,유산슬(대),요리류,32000
9,유산슬(중),요리류,27000
9,잡탕,요리류,32000
9,해삼탕,요리류,45000
9,해삼전복,요리류,45000
9,전가복,요리류,45000
9,송이전복,요리류,45000
9,송이해삼,요리류,45000
9,홍쇼샥스핀,요리류,35000
9,게살샥스핀,요리류,40000
9,게살샥스핀스프,요리류,25000
9,삼선누룽지탕,요리류,30000
9,토마토케찹새우(대),요리류,33000
9,토마토케찹새우(중),요리류,27000
9,크림새우(대),요리류,33000
9,크림새우(중),요리류,27000
9,깐쇼새우(대),요리류,33000
9,깐쇼새우(중),요리류,27000
9,깐쇼중새우,요리류,38000
9,깐풍새우(대),요리류,33000
9,깐풍새우(중),요리류,27000
9,깐풍중새우,요리류,38000
9,크림중새우,요리류,38000
9,해파리냉채,요리류,20000
9,삼풍냉채,요리류,30000
9,라조기(대),요리류,25000
9,라조기(중),요리류,20000
9,깐풍기(대),요리류,25000
9,깐풍기(중),요리류,20000
9,꽃빵1인분,사이드/기타,4000
9,"""군,물만두""",사이드/기타,4000
9,계란탕,사이드/기타,12000
9,삼선탕,사이드/기타,12000
10,0 :탕수육+짜장2+만두+콜라,세트류,10000
10,1 :탕수육+짜장1+짬뽕1+만두+콜라,세트류,11000
10,2 :깐풍육+짜장2+만두+콜라,세트류,10000
10,3 :깐풍육+짜장1+짬뽕1+만두+콜라,세트류,11000
10,4 :깐풍기+짜장2+만두+콜라,세트류,17000
10,5 :깐풍기+짜장1+짬뽕1+만두+콜라,세트류,17000
10,6 :탕수육+쟁반짜장+짬뽕+군or물만두중택1,세트류,21000
10,7 :양장피+쟁반짜장+짬뽕+군or물만두중택1,세트류,23000
10,8 :깐풍기+쟁반짜장+짬뽕+군or물만두중택1,세트류,23000
10,9 :팔보채+쟁반짜장+짬뽕+군or물만두중택1,세트류,26000
10,매운짬뽕,면류,6000
10,고추짬뽕,면류,7000
10,홍합짬뽕,면류,7000
10,탕짜(짬)면,면류,7000
10,탕볶밥,면류,7500
10,볶음짬뽕,면류,6000
10,굴짬뽕,면류,7000
10,쟁반짜장(1인),면류,5500
10,쟁반짜장(2인),면류,11000
10,짜장,면류,4500
10,짬뽕,면류,5000
10,울면,면류,5000
10,우동,면류,5000
10,간짜장,면류,5000
10,유니짜장,면류,6000
10,삼선간짜장,면류,7000
10,삼성짬뽕,면류,7000
10,삼선우동,면류,7000
10,삼선울면,면류,7000
10,기스면,면류,7000
10,누룽지탕,면류,8000
10,떡볶이쟁반짜장,면류,6000
10,떡볶이볶음짬뽕,면류,6500
10,볶음밥,밥류,5500
10,짬뽕밥,밥류,5500
10,짜장밥,밥류,5500
10,김치볶음밥,밥류,6000
10,잡채밥,밥류,6500
10,새우볶음밥,밥류,7000
10,삼선볶음밥,밥류,7000
10,고추잡채밥,밥류,7000
10,마파두부밥,밥류,7000
10,금룡정식,밥류,12000
10,유산슬밥,밥류,12000
10,잡탕밥,밥류,12000
10,사품냉채,요리류,46000
10,삼풍냉채,요리류,36000
10,이품냉채,요리류,31000
10,해파리냉채,요리류,26000
10,해삼과자연송이,요리류,51000
10,해삼탕,요리류,45000
10,라조새우,요리류,32000
10,깐쇼새우,요리류,32000
10,새우와자연송이,요리류,51000
10,소고기탕수육,요리류,25000
10,소고기튀김,요리류,25000
10,부추잡채,요리류,26000
10,당면잡채,요리류,12000
10,마파두부,요리류,16000
10,양장피,요리류,28000
10,난자완스,요리류,30000
10,탕수육,요리류,17000
10,사천탕수육,요리류,22000
10,라조기,요리류,25000
10,라조육,요리류,25000
10,깐풍기,요리류,25000
10,깐풍육,요리류,25000
10,새우와두부,요리류,36000
10,자연송시와죽순,요리류,51000
10,동고버섯과죽순,요리류,46000
10,고추잡채,요리류,25000
10,유산슬,요리류,32000
10,팔보채,요리류,28000
10,잡탕,요리류,28000
10,전가복,요리류,51000
10,샥스핀,요리류,51000
10,돈까스정식,사이드/기타,6500
10,10 :탕수육or깐풍육+볶음짬뽕2인+콜라,세트류,21000
11,탕수육+쟁반짜장1인or볶음짬뽕1인,세트류,13000
11,탕수육+짜장면+짬뽕+사천만두,세트류,15000
11,탕수육+짜장면2+사천만두,세트류,15000
11,탕수육+짬뽕2+사천만두,세트류,16000
11,탕수육+쟁반짜장2인+사천만두,세트류,18000
11,탕수육+볶음짬뽕2인+사천만두,세트류,18000
11,깐풍기+짜장면+짬뽕+사천만두,세트류,18000
11,깐풍기+짜장면2+사천만두,세트류,18000
11,깐풍기+짬뽕2+사천만두,세트류,19000
11,깐풍기+쟁반짜장2인+사천만두,세트류,21000
11,깐풍기+볶음짬뽕2인+사천만두,세트류,21000
11,깐풍육+짜장면+짬뽕+사천만두,세트류,15000
11,깐풍육+짜장면2+사천만두,세트류,15000
11,깐풍육+쟁반짜장2인+사천만두,세트류,16000
11,깐풍육+쟁반짜장2인+사천만두,세트류,18000
11,깐풍육+볶음짬뽕2인+사천만두,세트류,18000
11,양장피+짜장면+짬뽕+사천만두,세트류,23000
11,양장피+짜장면2+사천만두,세트류,23000
11,양장피+짬뽕2+사천만두,세트류,24000
11,양장피+쟁반짜장2인+사천만두,세트류,26000
11,양장피+볶음짬뽕2인+사천만두,세트류,26000
11,탕수육+볶음밥2,세트류,17000
11,탕수육+잡채밥2,세트류,17000
11,탕수육+짬뽕밥2,세트류,17000
11,탕수육+짜장밥2,세트류,17000
11,탕수육+새우볶음밥2,세트류,18000
11,탕수육+짜장1,세트류,10000
11,탕수육+짬뽕1,세트류,10000
11,A코스:양장피+탕수육+고추잡채,세트류,35000
11,B코스:양장피+탕수육+잡탕+유산슬,세트류,50000
11,C코스:양장피+탕수육+고추잡채+깐풍기+삼선누룽지탕,세트류,70000
11,D코스:양장피+팔보채+깐쇼채우+고추잡채+깐풍기+유산슬,세트류,90000
11,꽃게짬뽕,면류,7000
11,콩나물짬뽕,면류,7000
11,낙지짬뽕,면류,8000
11,쟁반짜장,면류,6000
11,볶음짬뽕,면류,6000
11,불짜장면,면류,6000
11,짜장면,면류,4500
11,간짜장,면류,5000
11,짬뽕,면류,5000
11,우동,면류,5000
11,울면,면류,5000
11,물냉면,면류,5000
11,비빔냉면,면류,5000
11,굴짬뽕,면류,6000
11,기스면,면류,6000
11,유니짜장,면류,6000
11,사천짜장,면류,6000
11,삼선간짜장,면류,7000
11,홍합짬뽕,면류,7000
11,삼선짬뽕,면류,7000
11,낙지짬뽕,면류,8000
11,삼선울면,면류,7000
11,누룽지탕,면류,10000
11,물냉면,면류,5000
11,비빔냉면,면류,5000
11,콩국수,면류,6000
11,육개장,밥류,6000
11,갈비탕,밥류,6000
11,볶음밥,밥류,5500
11,짬뽕밥,밥류,5500
11,짜장밥,밥류,5500
11,김치볶음밥,밥류,6000
11,오므라이스,밥류,6000
11,김치덮밥,밥류,6000
11,송이덮밥,밥류,6000
11,제육덮밥,밥류,6000
11,잡채밥,밥류,6000
11,고추잡채밥,밥류,7000
11,소고기잡채밥,밥류,7000
11,소고기덮밥,밥류,7000
11,오징어덮밥,밥류,7000
11,김치제육덮밥,밥류,7000
11,삼선볶음밥,밥류,7000
11,새우볶음밥,밥류,7000
11,마파두부밥,밥류,7000
11,북경특밥,밥류,7000
11,삼선고추짬뽕밥,밥류,8000
11,유산슬밥,밥류,11000
11,잡탕밥,밥류,11000
11,탕수육소,요리류,13000
11,탕수육중,요리류,16000
11,탕수육대,요리류,23000
11,칠리탕수육소,요리류,15000
11,칠리탕수육중,요리류,18000
11,과일탕수육소,요리류,15000
11,과일탕수육중,요리류,18000
11,사천탕수육소,요리류,15000
11,사천탕수육중,요리류,20000
11,깐풍육소,요리류,18000
11,깐풍육중,요리류,23000
11,깐풍기소,요리류,18000
11,깐풍기중,요리류,23000
11,라조기소,요리류,18000
11,라조기중,요리류,23000
11,라조육소,요리류,18000
11,라조육중,요리류,23000
11,고추잡채소,요리류,18000
11,고추잡채중,요리류,23000
11,소고기잡채소,요리류,20000
11,소고기잡채중,요리류,25000
11,소고기탕수육소,요리류,20000
11,소고기탕수육중,요리류,25000
11,해파리냉채소,요리류,20000
11,해파리냉채중,요리류,25000
11,난자완스소,요리류,20000
11,난자완스중,요리류,25000
11,양장피소,요리류,20000
11,양장피중,요리류,25000
11,팔보채소,요리류,20000
11,팔보채중,요리류,25000
11,잡탕소,요리류,20000
11,잡탕중,요리류,25000
11,유산슬소,요리류,25000
11,유산슬중,요리류,30000
11,깐쇼새우소,요리류,25000
11,깐쇼새우중,요리류,30000
11,깐풍새우소,요리류,25000
11,깐풍새우중,요리류,30000
11,삼선누룽지탕소,요리류,25000
11,삼선누룽지탕중,요리류,30000
11,삼풍냉채,요리류,35000
11,해삼탕,요리류,40000
11,해삼쥬스,요리류,40000
11,전가복,요리류,50000
11,죽순전복,요리류,50000
11,송이전복,요리류,50000
11,샥스핀,요리류,50000
11,짬짜면,사이드/기타,6000
11,볶짜면,사이드/기타,6000
11,볶짬면,사이드/기타,6000
11,탕짜면,사이드/기타,7000
11,탕짬면,사이드/기타,7000
11,탕볶밥,사이드/기타,7000
11,군만두/물만두,사이드/기타,4000
11,사천만두,사이드/기타,5000
11,(떡)만두국,사이드/기타,6000
11,월요콩나물짬뽕,요일별특식,5500
11,화요잡채밥,요일별특식,5500
11,수요마파밥,요일별특식,5500
11,목요송이밥,요일별특식,5500
11,금요삼선볶음밥,요일별특식,5500
12,강력추천)탕수육or깐풍육or사천탕수육+짜장1,세트류,11000
12,세트0)탕수육or깐풍육or사천탕수육+짜장2+만두,세트류,14000
12,세트1)탕수육or깐풍육or사천탕수육+짜장+짬뽕+만두,세트류,15000
12,세트2)탕수육or깐풍육or사천탕수육+짜장+쟁반짜장+만두,세트류,16000
12,세트3)탕수육or깐풍육or사천탕수육+쟁반짜장2+만두,세트류,18000
12,세트4)탕수육or깐풍육or사천탕수육+볶음밥2+만두,세트류,18000
12,세트5)깐풍기+짜장2+만두,세트류,17000
12,세트6)양장피+짜장2+만두,세트류,23000
12,A코스)탕수육+양장피+만두+짬뽕국물,세트류,35000
12,B코스)양장피+사천탕수육+만두+짬뽕국물,세트류,35000
12,C코스)탕수육+고추잠채+만두+짬뽕국물,세트류,35000
12,깐풍육정식,세트류,7000
12,탕수육정식,세트류,7000
12,"""왕쟁반짜장(2,3인분)+공기밥""",세트류,13000
12,"""왕쟁반짬뽕(2,3인분)+공기밥""",세트류,13000
12,짜장,면류,4500
12,우동,면류,5000
12,짬뽕,면류,5000
12,간짜장,면류,5000
12,울면,면류,5000
12,쟁반짜장,면류,5500
12,불짜장,면류,5500
12,불짬뽕,면류,5500
12,볶음짬뽕,면류,6000
12,대연각특면,면류,6000
12,굴짬뽕,면류,6000
12,삼선짬뽕,면류,7000
12,삼선간짜장,면류,6500
12,삼선우동,면류,7000
12,삼선울면,면류,7000
12,기스면,면류,7000
12,홍합짬뽕,면류,6000
12,굴짬뽕,면류,6000
12,볶음짬뽕,면류,6000
12,불타는짬뽕,면류,5500
12,불타는짜장,면류,5500
12,볶음밥,밥류,5500
12,짜장밥,밥류,5500
12,짬뽕밥,밥류,5500
12,오므라이스,밥류,6000
12,김치볶음밥,밥류,6000
12,오징어덮밥,밥류,6000
12,잡채밥,밥류,6500
12,삼선볶음밥,밥류,7000
12,새우볶음밥,밥류,7000
12,삼선짬봉밥,밥류,7000
12,송이밥,밥류,7000
12,마파두부밥,밥류,7000
12,대연각특밥,밥류,7000
12,제육덮밥,밥류,7000
12,고추잡채밥,밥류,7000
12,유산슬밥,밥류,12000
12,잡탕밥,밥류,12000
12,탕수육大,요리류,21000
12,탕수육中,요리류,16000
12,탕수육小,요리류,13000
12,계란탕,요리류,10000
12,잡채밥,요리류,13000
12,오징어탕수육,요리류,20000
12,마파두부밥,요리류,15000
12,사천탕수육정식,요리류,20000
12,소고기탕수육,요리류,25000
12,소고기잡채,요리류,20000
12,라조육,요리류,22000
12,라조기,요리류,22000
12,깐풍육,요리류,20000
12,깐풍기,요리류,22000
12,고추잡채밥,요리류,22000
12,난자완스,요리류,20000
12,양장피,요리류,25000
12,잡탕밥,요리류,27000
12,팔보채,요리류,27000
12,새우튀김,요리류,27000
12,유산슬,요리류,27000
12,깐쇼새우,요리류,30000
12,해파리냉채,요리류,18000
12,삼선술국,요리류,12000
12,짬짜면,사이드/기타,5500
12,볶자면,사이드/기타,6000
12,볶짬면,사이드/기타,6000
12,탕짜면,사이드/기타,7000
12,탕볶밥,사이드/기타,7500
12,돈까스정식,사이드/기타,7000
12,군만두,사이드/기타,4000
12,육개장,사이드/기타,5500
12,설렁탕,사이드/기타,5500
12,갈비탕,사이드/기타,5500
12,"""요일메뉴)월요일-삼선볶음밥,탕짜면""",요일별특식,5500
12,"""요일메뉴)화요일-고추잡채밥,탕짬면""",요일별특식,5500
12,"""요일메뉴)수요일-해물특밥,탕볶밥""",요일별특식,5500
12,"""요일메뉴)목요일-마파두부밥,볶짬면""",요일별특식,5500
12,"""요일메뉴)금요일-새우볶음밥,볶짜면""",요일별특식,5500
13,고급짜장,면류,8000
13,고급짬뽕,면류,10000
13,토이엔짜장,면류,5000
13,고추짜장,면류,6000
13,미치도록매운짜장,면류,7000
13,쟁반짜장,면류,6000
13,토이엔짬뽕,면류,6000
13,토이엔하얀짬뽕,면류,6000
13,토이엔볶음짬뽕,면류,7000
13,미치도록매운짬뽕,면류,7000
13,홍굴이짬뽕,면류,8000
13,토이엔굴짬뽕,면류,7000
13,토이엔우동,면류,6000
13,기스면,면류,6000
13,토이엔특선면,면류,7000
13,우육탕면,면류,8000
13,토이엔볶음밥,밥류,5000
13,삼선볶음밥,밥류,8000
13,새우볶음밥,밥류,7000
13,게살볶음밥,밥류,7000
13,닭고기볶음밥,밥류,7000
13,소고기잡채밥,밥류,6000
13,소고기마파두부밥,밥류,6000
13,소고기고추잡채밥,밥류,8000
13,토이엔특선밥,밥류,8000
13,송이덮밥,밥류,7000
13,유산슬밥,밥류,12000
13,잡탕밥,밥류,12000
13,누룽지탕식사,밥류,10000
13,짬뽕밥,밥류,6000
13,군만두,만두류,4000
13,물만두,만두류,4000
13,탕수육,돼지고기,14000
13,옛날탕수육,돼지고기,14000
13,광동탕수육,돼지고기,16000
13,사천탕수육,돼지고기,16000
13,찹쌀탕수육,돼지고기,16000
13,미치도록매운탕수육,돼지고기,17000
13,유린육,돼지고기,17000
13,전가복,해물잡품류,40000
13,양장피,해물잡품류,22000
13,유산슬,해물잡품류,30000
13,팔보채,해물잡품류,30000
13,오향장육,해물잡품류,25000
13,해파리냉채,해물잡품류,20000
13,세가지냉채,해물잡품류,30000
13,다섯가지냉채,해물잡품류,50000
13,특해물누룽지탕,해물잡품류,30000
13,소고기탕수육,소고기류,20000
13,소고기탕면잡채,소고기류,20000
13,소고기고추잡채,소고기류,25000
13,부추잡채,소고기류,25000
13,난자완스,소고기류,25000
13,깐풍기,닭고기류,20000
13,유린기,닭고기류,20000
13,라조기,닭고기류,20000
13,오렌지치킨탕수육,닭고기류,18000
13,매운고추닭고기볶음,닭고기류,20000
13,깐풍새우,새우류,25000
13,깐풍중새우,새우류,28000
13,작은새우칠리소스,새우류,25000
13,작은새우크림소스,새우류,25000
13,중새우칠리소스,새우류,28000
13,중새우크림소스,새우류,28000
13,왕새우칠리소스,새우류,33000
13,왕새우크림소스,새우류,33000
13,홍쇼관자,고급요리,45000
13,마라관자,고급요리,45000
13,전가복,고급요리,40000
13,송이전복,고급요리,50000
13,송이관자,고급요리,50000
13,송이볶음,고급요리,60000
13,모듬야채,고급요리,30000
13,어향도구,고급요리,40000
13,홍쇼쥬스,고급요리,30000
13,동파육,고급요리,30000
13,오룡해삼,고급요리,50000
13,홍쇼복살,고급요리,40000
13,마라복살,고급요리,40000
13,라조목살,고급요리,40000
13,옥수수스프,스프/탕류,10000
13,게살스프,스프/탕류,15000
13,새우완자탕,스프/탕류,15000
13,삼선술국,스프/탕류,12000
13,홍굴이탕,스프/탕류,12000
13,짬짜면,한그릇 두가지맛,6000
13,볶짜면,한그릇 두가지맛,7000
13,볶짬면,한그릇 두가지맛,7000
13,탕짜면,한그릇 두가지맛,8000
13,탕짬면,한그릇 두가지맛,8000
13,탕볶밥,한그릇 두가지맛,8000
13,탕수육+짜장1,셋트메뉴,14000
13,탕수육+짜장2,셋트메뉴,18000
13,탕수육+짬뽕1,셋트메뉴,15000
13,탕수육+짜장1+짬뽕1,셋트메뉴,19000
13,탕수육+짬뽕2,셋트메뉴,20000
13,탕수육+쟁반짜장2인,셋트메뉴,22000
13,깐풍기+짜장1,셋트메뉴,20000
13,깐풍기+짜장2,셋트메뉴,24000
13,깐풍기+짱뽕1,셋트메뉴,21000
13,깐풍기+짜장1+짬뽕1,셋트메뉴,25000
13,깐풍기+짬뽕2,셋트메뉴,26000
13,깐풍기+쟁반짜장2인,셋트메뉴,28000
13,양장피+짜장1,셋트메뉴,22000
13,양장피+짜장2,셋트메뉴,26000
13,양장피+짬뽕1,셋트메뉴,23000
13,양장피+짜장1+짬뽕1,셋트메뉴,27000
13,양장피+짬뽕2,셋트메뉴,28000
13,양장피+쟁반짜장2인,셋트메뉴,30000
13,고추잡채+짜장1,셋트메뉴,22000
13,고추잡채+짜장2,셋트메뉴,26000
13,고추잡채+짬뽕1,셋트메뉴,23000
13,고추잡채+짜장1+짬뽕1,셋트메뉴,27000
13,고추잡채+짬뽕2,셋트메뉴,28000
13,고추잡채+쟁반짜장2인,셋트메뉴,30000
13,팔보채+짜장1,셋트메뉴,26000
13,팔보채+짜장2,셋트메뉴,30000
13,팔보채+짬뽕1,셋트메뉴,27000
13,팔보채+짜장1+짬뽕1,셋트메뉴,31000
13,팔보채+짬뽕2,셋트메뉴,32000
13,팔보채+쟁반짜장2인,셋트메뉴,34000
13,(깐쇼/깐풍/크림)새우+짜장1,셋트메뉴,25000
13,(깐쇼/깐풍/크림)새우+짜장2,셋트메뉴,29000
13,(깐쇼/깐풍/크림)새우+짬뽕1,셋트메뉴,26000
13,(깐쇼/깐풍/크림)새우+짜장1+짬뽕1,셋트메뉴,30000
13,(깐쇼/깐풍/크림)새우+짬뽕2,셋트메뉴,31000
13,(깐쇼/깐풍/크림)새우+쟁반짜장2인,셋트메뉴,33000
13,A 코스:양장피+유산슬+탕수육+소고기고추잡채+꽃빵+만두,코스요리,70000
13,B 코스:세가지냉채+팔보채+작은새우칠리소스+동파육+소고기고추&부추잡채+꽃빵,코스요리,150000
13,C 코스:다섯가지냉채(특냉채)+샥스핀+전복송이+중새우+동파육+마라관자+소고기고추&,코스요리,250000
13,육개장,한식부,6000
13,갈비탕,한식부,6000
13,내장탕,한식부,6000
13,제육덮밥,한식부,6000
13,오징어덮밥,한식부,6000
13,냉짬뽕,여름메뉴,8000
13,중국냉면,여름메뉴,8000
13,물냉면,여름메뉴,6000
13,비빔냉면,여름메뉴,6000
14,짜장면,면류,4500
14,간짜장,면류,5000
14,짬뽕,면류,5000
14,우동,면류,5000
14,울면,면류,5000
14,볶짜면,면류,5500
14,볶짬면,면류,5500
14,탕짜면,면류,5500
14,탕짬면,면류,5500
14,탕볶밥,밥류,5500
14,볶음밥,밥류,5500
14,짜장밥,밥류,5500
14,짬뽕밥,밥류,5500
14,탕수육 小,요리류,12000
14,탕수육 中,요리류,16000
14,탕수육 大,요리류,21000
14,세트0:탕수육+짜장2+만두+콜라,세트류,10000
14,세트1.깐풍육+짜장2+만두+콜라,세트류,10000
15,은지향짜장,식사류(면류),5000
15,은지향짬뽕,식사류(면류),6000
15,매콤은지향짜장,식사류(면류),5000
15,하얀짬뽕,식사류(면류),6000
15,특삼선짜장,식사류(면류),7000
15,특삼선짬뽕,식사류(면류),8000
15,특삼선우동,식사류(면류),8000
15,쟁반짜장,식사류(면류),6000
15,광동볶음짬뽕,식사류(면류),6000
15,굴짬뽕,식사류(면류),7000
15,은지향우동,식사류(면류),6000
15,은지향울면,식사류(면류),6000
15,기스면,식사류(면류),6000
15,우육탕면,식사류(면류),8000
15,은지향 특선면,식사류(면류),7000
15,꽃빵,식사류(면류),4000
15,군만두,식사류(면류),4000
15,물만두,식사류(면류),4000
15,볶음밥,식사류(밥류),5000
15,특삼선볶음밥,식사류(밥류),8000
15,김치볶음밥,식사류(밥류),6000
15,새우볶음밥,식사류(밥류),7000
15,게살볶음밥,식사류(밥류),7000
15,닭고기볶음밥,식사류(밥류),7000
15,짬뽕밥,식사류(밥류),6000
15,잡채밥,식사류(밥류),6000
15,마파두부밥,식사류(밥류),6000
15,고추잡채밥,식사류(밥류),8000
15,유산슬밥,식사류(밥류),12000
15,잡탕밥,식사류(밥류),12000
15,은지향특선밥,식사류(밥류),8000
15,육개장,식사류(밥류),6000
15,갈비탕,식사류(밥류),6000
15,소내장탕,식사류(밥류),6000
15,옥수수스프(소),스프류,6000
15,옥수수스프(대),스프류,10000
15,게살스프(소),스프류,10000
15,게살스프(대),스프류,15000
15,새우완자탕(소),스프류,10000
15,새우완자탕(대),스프류,15000
15,탕수육(소),돼지고기류,13000
15,탕수육(중),돼지고기류,18000
15,탕수육(대),돼지고기류,23000
15,옛날탕수육(소),돼지고기류,13000
15,옛날탕수육(중),돼지고기류,18000
15,옛날탕수육(대),돼지고기류,23000
15,광동매콤탕수육(소),돼지고기류,16000
15,광동매콤탕수육(중),돼지고기류,20000
15,광동매콤탕수육(대),돼지고기류,29000
15,굴소스삼겹살찜(소),돼지고기류,25000
15,굴소스삼겹살찜(대),돼지고기류,35000
15,난자완스(소),소고기류,25000
15,난자완스(대),소고기류,35000
15,소고기탕수육(소),소고기류,20000
15,소고기탕수육(대),소고기류,30000
15,고추잡채(소),소고기류,25000
15,고추잡채(대),소고기류,35000
15,당면잡채(소),소고기류,20000
15,당면잡채(대),소고기류,30000
15,부추잡채(소),소고기류,25000
15,부추잡채(대),소고기류,35000
15,깐풍기(소),닭고기류,20000
15,깐풍기(대),닭고기류,30000
15,유린기(소),닭고기류,20000
15,유린기(대),닭고기류,30000
15,라조기(소),닭고기류,20000
15,라조기(대),닭고기류,30000
15,오렌지치킨탕수육(소),닭고기류,18000
15,오렌지치킨탕수육(대),닭고기류,25000
15,매운고추닭고기볶음(소),닭고기류,20000
15,매운고추닭고기볶음(대),닭고기류,30000
15,홍콩식매운닭고기(소),닭고기류,20000
15,홍콩식매운닭고기(대),닭고기류,30000
15,작은새우칠리소스(소),새우와게살,25000
15,작은새우칠리소스(대),새우와게살,35000
15,작은새우크림소스(소),새우와게살,25000
15,작은새우크림소스(대),새우와게살,35000
15,중새우칠리소스(소),새우와게살,25000
15,중새우칠리소스(대),새우와게살,35000
15,중새우크림소스(소),새우와게살,25000
15,중새우크림소스(대),새우와게살,35000
15,왕새우칠리소스(소),새우와게살,35000
15,왕새우칠리소스(대),새우와게살,45000
15,왕새우크림소스(소),새우와게살,35000
15,왕새우크림소스(대),새우와게살,45000
15,게살칠리소스(소),새우와게살,30000
15,게살칠리소스(대),새우와게살,30000
15,게살크림소스(소),새우와게살,30000
15,게살크림소스(대),새우와게살,40000
15,해물누룽지탕(소),해물잡품류,30000
15,해물누룽지탕(대),해물잡품류,40000
15,전가복(소),해물잡품류,40000
15,전가복(대),해물잡품류,55000
15,양장피(소),해물잡품류,22000
15,양장피(대),해물잡품류,35000
15,유산슬(소),해물잡품류,30000
15,유산슬(대),해물잡품류,43000
15,팔보채(소),해물잡품류,30000
15,팔보채(대),해물잡품류,43000
15,오항장육(소),해물잡품류,25000
15,오항장육(대),해물잡품류,35000
15,해파리냉채(소),해물잡품류,20000
15,해파리냉채(대),해물잡품류,30000
15,세가지냉채(소),해물잡품류,25000
15,세가지냉채(대),해물잡품류,35000
15,다섯가지냉채(소),해물잡품류,35000
15,다섯가지냉채(대),해물잡품류,45000
15,콩국수,여름특선,6000
15,물냉면,여름특선,6000
15,비빔냉면,여름특선,6000
15,중국냉면,여름특선,8000
15,짬짜면,두가지 요리를 동시에!,6000
15,볶짬면,두가지 요리를 동시에!,7000
15,볶짜면,두가지 요리를 동시에!,7000
15,탕짜면,두가지 요리를 동시에!,8000
15,탕짬면,두가지 요리를 동시에!,8000
15,탕볶밥,두가지 요리를 동시에!,8000
15,탕수육+짜장2개,세트메뉴,18000
15,깐쇼새우+짜장2개,세트메뉴,23000
15,깐풍기+짜장2개,세트메뉴,23000
15,양장피+짜장2개,세트메뉴,23000
15,팔보채+짜장2개,세트메뉴,23000
16,깐풍육+짜장2+콜라,한양사랑 캠퍼스세트,15000
16,0번) 탕수육+짜장1+콜라,세트메뉴,12000
16,1번) 탕수육+짜장2+콜라,세트메뉴,14000
16,2번) 탕수육+짜장+짬뽕+콜라,세트메뉴,15000
16,3번) 탕수육+쟁반짜장2+콜라,세트메뉴,18000
16,4번) 탕수육+볶음짬뽕2+콜라,세트메뉴,18000
16,5번) 깐풍기+짬뽕+짜장+콜라,세트메뉴,22000
16,6번) 탕수육+볶음밥2+콜라,세트메뉴,18000
16,7번) 깐풍기+쟁반짜장+콜라,세트메뉴,25000
16,8번) 고추잡채+쟁반짜장2+콜라,세트메뉴,25000
16,9번) 양장피+쟁반짜장2+콜라,세트메뉴,25000
16,10번) 깐풍기+쟁반짜장2+콜라,세트메뉴,25000
16,쟁반짜장 왕대(3인),특별메뉴,15000
16,볶음짬뽕 왕대(3인),특별메뉴,15000
16,갈비탕,계절메뉴,6000
16,육개장,계절메뉴,6000
16,콩국수,계절메뉴,6000
16,냉면,계절메뉴,6000
16,냉국수,계절메뉴,6000
16,비빔국수,계절메뉴,6000
16,짜장면,식사메뉴,4500
16,우동,식사메뉴,5000
16,짬뽕,식사메뉴,5000
16,울면,식사메뉴,5000
16,간짜장,식사메뉴,5000
16,볶음밥,식사메뉴,5500
16,짬뽕밥,식사메뉴,5500
16,김치볶음밤,식사메뉴,6000
16,짜장밥,식사메뉴,5500
16,쟁반짜장,식사메뉴,6000
16,볶음짬뽕,식사메뉴,6000
16,시온특면,식사메뉴,6000
16,기스면,식사메뉴,6000
16,유니짜장,식사메뉴,6000
16,삼선짜장,식사메뉴,6000
16,삼선우동,식사메뉴,6000
16,삼선짬뽕,식사메뉴,6000
16,삼선울면,식사메뉴,6000
16,고추짬뽕,식사메뉴,6000
16,삼선백짬뽕,식사메뉴,6000
16,군만두,식사메뉴,4000
16,물만두,식사메뉴,4000
16,오므라이스,식사메뉴,6000
16,잡채밥,식사메뉴,6000
16,송이밥,식사메뉴,7000
16,새우볶음밥,식사메뉴,7000
16,삼선짬뽕밥,식사메뉴,7000
16,삼선볶음밥,식사메뉴,7000
16,마파두부밥,식사메뉴,7000
16,고추잡채밥,식사메뉴,7000
16,시온특밥,식사메뉴,7000
16,유산슬밥,식사메뉴,12000
16,잡탕밥,식사메뉴,12000
16,탕수육小,요리부,12000
16,탕수육中,요리부,16000
16,탕수육大,요리부,21000
16,소고기탕수육,요리부,25000
16,사천탕수육,요리부,20000
16,해삼탕,요리부,40000
16,라조새우,요리부,40000
16,깐쇼새우,요리부,30000
16,라조기,요리부,22000
16,라조풍,요리부,22000
16,깐풍기,요리부,22000
16,깐풍육,요리부,22000
16,마파두부,요리부,15000
16,고추잡채,요리부,23000
16,부추잡채,요리부,23000
16,유산슬,요리부,30000
16,팔보채,요리부,27000
16,잡탕,요리부,27000
16,전가복,요리부,50000
16,샥스핀,요리부,50000
16,깐풍새우,요리부,30000
16,당면잡채,요리부,15000
16,양장피,요리부,25000
16,난자완스,요리부,25000
16,누룽지탕(中),요리부,25000
16,누룽지탕(小),요리부,15000
16,짬뽕국물,요리부,7000
16,삼선짱뽕국물,요리부,10000
16,A코스 탕수육+당면잡채+만두,코스요리,27000
16,B코스 양장피+탕수육+만두,코스요리,37000
16,C코스 팔보채+양장피+만두,코스요리,47000
16,D코스 유산슬+고추잡채+탕수육+만두+이과주,코스요리,65000
17,콤비네이션피자L,피자,10500
17,콤비네이션피자R,피자,9000
17,불고기피자L,피자,10500
17,불고기피자R,피자,9000
17,페페로니피자L,피자,10500
17,페페로니피자R,피자,9000
17,치즈피자L,피자,10500
17,치즈피자R,피자,9000
17,야채피자L,피자,10500
17,야채피자R,피자,9000
17,치즈크러스트피자L,피자,12000
17,치즈크러스트피자R,피자,10000
17,포테이토피자L,피자,13000
17,포테이토피자R,피자,11000
17,고구마피자L,피자,14000
17,고구마피자R,피자,11500
17,리치골드L,피자,14000
17,리치골드R,피자,11500
17,치즈바이트L,피자,14500
17,치즈바이트R,피자,11500
17,베이컨피자L,피자,13000
17,베이컨피자R,피자,11000
17,핫치킨피자L,피자,13000
17,핫치킨피자R,피자,11000
18,치즈크러스트추가,비고,3000
18,워너달피자R+치즈떡볶이+치즈스파게티+양념반달감자+치킨텐더,히트박스,23900
18,베이컨수프림L,스페셜피자,17900
18,베이컨수프림R,스페셜피자,14900
18,스위트골드L,스페셜피자,17900
18,포테이토스페셜L,스페셜피자,17900
18,포테이토스페셜R,스페셜피자,14900
18,화이트갈릭L,스페셜피자,17900
18,화이트갈릭R,스페셜피자,14900
18,스페셜피자L 2판,스페셜피자,27900
18,스페셜피자R 2판,스페셜피자,23900
18,미트블라썸 L,프리미엄피자,25900
18,미트블라썸 L 2판,프리미엄피자,38900
18,미트소시지 L,프리미엄피자,23900
18,미트소시지 L 2판,프리미엄피자,35900
18,포테이토베이컨 L,프리미엄피자,22900
18,포테이토베이컨 L 2판,프리미엄피자,34900
18,씨푸드 L,프리미엄피자,24900
18,씨푸드 L 2판,프리미엄피자,36900
18,파스트라미 L,프리미엄피자,22900
18,파스트라미 L 2판,프리미엄피자,34900
18,핫 바비큐 L,프리미엄피자,23900
18,핫 바비큐 L 2판,프리미엄피자,35900
18,반반한피자(핫 바비큐+씨푸드),프리미엄피자,23900
18,반반한피자(핫 바비큐+씨푸드) 2판,프리미엄피자,35900
18,반반한피자(포테이토베이컨+미트소시지),프리미엄피자,23900
18,반반한피자(포테이토베이컨+미트소시지) 2판,프리미엄피자,35900
18,치즈피자L 1판,클래식피자,13900
18,치즈피자L 2판,클래식피자,23900
18,페페로니L 1판,클래식피자,13900
18,페페로니L 2판,클래식피자,23900
18,불고기피자L 1판,클래식피자,14900
18,불고기피자L 2판,클래식피자,24900
18,수퍼수프림L 1판,클래식피자,14900
18,수퍼수프림L 2판,클래식피자,24900
18,고구마L 1판,클래식피자,14900
18,고구마L 2판,클래식피자,24900
18,슈퍼콤비네이션L 1판,스폐셜피자,17900
18,슈퍼콤비네이션L 2판,스폐셜피자,28900
18,슈퍼고구마L 1판,스폐셜피자,17900
18,슈퍼고구마L 2판,스폐셜피자,28900
18,슈퍼불고기L 1판,스폐셜피자,17900
18,슈퍼불고기L 2판,스폐셜피자,28900
18,슈퍼바비큐L 1판,스폐셜피자,17900
18,슈퍼바비큐L 2판,스폐셜피자,28900
18,맵피자L 1판,스폐셜피자,18900
18,맵피자L 2판,스폐셜피자,29900
18,달피자L 1판,스폐셜피자,18900
18,달피자L 2판,스폐셜피자,29900
18,빠질 빠에야L 1판,하니퐁듀피자,24900
18,빠질 빠에야L 2판,하니퐁듀피자,38900
18,매울 빠에야L 1판,하니퐁듀피자,24900
18,매울 빠에야L 2판,하니퐁듀피자,38900
18,베이컨체다L 1판,하니퐁듀피자,21900
18,갈릭쉬림프L 1판,하니퐁듀피자,21900
18,핫치킨L 1판,하니퐁듀피자,21900
18,반반한피자(핫바비큐+씨푸드),반반한피자,23900
18,반반한피자(포테이토베이컨+미트소시지),반반한피자,23900
18,반반한피자2판,반반한피자,35900
18,콜로새우L,이탈리안스퀘어,20900
18,치즈떡볶이,사이드메뉴,6000
18,핫윙10EA,사이드메뉴,9000
18,핫윙5EA,사이드메뉴,4500
18,치킨텐더10EA,사이드메뉴,9000
18,치킨텐더5EA,사이드메뉴,4500
18,콘버터,사이드메뉴,4000
18,갈릭디핑,사이드메뉴,500
18,피클,사이드메뉴,300
18,보르네즈스파게티,파스타&리조또,5000
18,치즈스파게티,파스타&리조또,6000
18,새우리조또,파스타&리조또,4500
18,낙지리조또,파스타&리조또,5500
18,콜라1.25L,음료,1600
18,콜라500ml,음료,1000
19,토핑추가XXXL,비고,4000
19,토핑추가XXL,비고,3000
19,토핑추가L,비고,2000
19,치즈크러스트추가XXXL,비고,6000
19,치즈크러스트추가XXL,비고,4000
19,치즈크러스트추가L,비고,3000
19,고구마피자XXXL,프리미엄피자,25900
19,고구마피자XXL,프리미엄피자,21900
19,고구마피자L,프리미엄피자,15900
19,비프커리XXXL,프리미엄피자,25900
19,비프커리XXL,프리미엄피자,21900
19,비프커리L,프리미엄피자,15900
19,치킨커리XXXL,프리미엄피자,25900
19,치킨커리XXL,프리미엄피자,21900
19,치킨커리L,프리미엄피자,15900
19,치즈크러스트피자XXXL,프리미엄피자,29900
19,치즈크러스트피자XXL,프리미엄피자,24900
19,치즈크러스트피자L,프리미엄피자,17900
19,치킨데리야키XXXL,프리미엄피자,30900
19,치킨데리야키XXL,프리미엄피자,24900
19,치킨데리야키L,프리미엄피자,19900
19,패스츄리바이트XXXL,프리미엄피자,34900
19,패스츄리바이트XXL,프리미엄피자,27900
19,패스츄리바이트L,프리미엄피자,20900
19,골드피자XXXL,프리미엄피자,34900
19,골드피자XXL,프리미엄피자,27900
19,골드피자L,프리미엄피자,20900
19,치킨바베큐골드XXXL,프리미엄피자,34900
19,치킨바베큐골드XXL,프리미엄피자,27900
19,치킨바베큐골드L,프리미엄피자,20900
19,핫치킨골드XXXL,프리미엄피자,34900
19,핫치킨골드XXL,프리미엄피자,27900
19,핫치킨골드L,프리미엄피자,20900
19,치즈단호박XXXL,프리미엄피자,34900
19,치즈단호박XXL,프리미엄피자,27900
19,치즈단호박L,프리미엄피자,20900
19,리치딜라이트XXXL,프리미엄피자,34900
19,리치딜라이트XXL,프리미엄피자,27900
19,리치딜라이트L,프리미엄피자,20900
19,새우감자말이피자XXXL,프리미엄피자,36900
19,새우감자말이피자XXL,프리미엄피자,30900
19,새우감자말이피자L,프리미엄피자,25900
19,치즈프라이XXL,프리미엄피자,23500
19,치즈프라이L,프리미엄피자,17500
19,치즈도이치XXL,프리미엄피자,23500
19,치즈도이치L,프리미엄피자,17500
19,"""오리지널피자+샐러드(단호박,고구마)+버팔로윙5+웨지감자+텐터5+치즈스틱5""",드림박스,23000
19,치즈피자XXXL,오리지널피자,23900
19,치즈피자XXL,오리지널피자,18900
19,치즈피자L,오리지널피자,14900
19,페페로니피자XXXL,오리지널피자,23900
19,페페로니피자XXL,오리지널피자,20900
19,페페로니피자L,오리지널피자,14900
19,불고기피자XXXL,오리지널피자,23900
19,불고기피자XXL,오리지널피자,20900
19,불고기피자L,오리지널피자,14900
19,포테이토피자XXXL,오리지널피자,23900
19,포테이토피자XXL,오리지널피자,20900
19,포테이토피자L,오리지널피자,14900
19,슈퍼슈프림피자XXXL,오리지널피자,23900
19,슈퍼슈프림피자XXL,오리지널피자,20900
19,슈퍼슈프림피자L,오리지널피자,14900
19,고구마 치킨 그라탕,파스타/사이드,7500
19,까르보나라,파스타/사이드,8900
19,토마토스파게티,파스타/사이드메뉴,5000
19,미트소스스파게티,파스타/사이드메뉴,5500
19,치즈오븐스파게티,파스타/사이드메뉴,6500
19,까르보나라,파스타/사이드메뉴,8900
19,영구스립바비큐(통),파스타/사이드메뉴,17800
19,영구스립바비큐(하프),파스타/사이드메뉴,9400
19,버팔로핫윙(20pcs),파스타/사이드메뉴,13900
19,버팔로핫윙(10pcs),파스타/사이드메뉴,8900
19,칠리프라이,파스타/사이드메뉴,5500
19,피클추가,파스타/사이드메뉴,200
19,퐁듀소스추가,파스타/사이드메뉴,500
19,갈릭디핑추가,파스타/사이드메뉴,300
19,치즈가루추가,파스타/사이드메뉴,200
19,핫소스추가,파스타/사이드메뉴,100
19,코카콜라1.25L,음료,1500
19,코카콜라500ml,음료,1000
19,스프라이트1.25L,음료,1600
19,스프라이트500ml,음료,1100
20,로맨틱콤보홈런박스(하프치킨),홈런박스,28900
20,로맨틱콤보홈런박스(스파게티),홈런박스,28900
20,쉬림프골드홈런박스(하프치킨),홈런박스,29900
20,하프앤하프홈런박스(하프치킨),홈런박스,29900
20,포테이토골드홈런박스(하프치킨),홈런박스,28900
20,콤보홈런박스(하프치킨),홈런박스,22900
20,불고기홈런박스(하프치킨),홈런박스,22900
20,쉬림프골드홈런박스(스파게티),홈런박스,29900
20,하프앤하프홈런박스(스파게티),홈런박스,29900
20,포테이토골드홈런박스(스파게티),홈런박스,28900
20,콤보홈런박스(스파게티),홈런박스,22900
20,불고기홈런박스(스파게티),홈런박스,22900
20,쉬림프골드R&홈샐러드(스파게티),보너스파우치,32900
20,쉬림프골드L&홈샐러드(스파게티),보너스파우치,38900
20,하프앤하프R&홈샐러드(스파게티),보너스파우치,32900
20,하프앤하프L&홈샐러드(스파게티),보너스파우치,38900
20,포테이토골드R&홈샐러드(스파게티),보너스파우치,31900
20,포테이토골드L&홈샐러드(스파게티),보너스파우치,37900
20,콤보R&홈샐러드(스파게티),보너스파우치,26900
20,콤보L&홈샐러드(스파게티),보너스파우치,30900
20,불고기R&홈샐러드(스파게티),보너스파우치,26900
20,불고기L&홈샐러드(스파게티),보너스파우치,30900
20,로맨틱콤보R&홈샐러드(스파게티),보너스파우치,31900
20,로맨틱콤보L&홈샐러드(스파게티),보너스파우치,37900
20,로맨틱콤보R&홈샐러드(윙8조각),보너스파우치,31900
20,로맨틱콤보L&홈샐러드(윙8조각),보너스파우치,37900
20,쉬림프골드R&홈샐러드(윙8조각),보너스파우치,32900
20,쉬림프골드L&홈샐러드(윙8조각),보너스파우치,38900
20,포테이토골드R&홈샐러드(윙8조각),보너스파우치,31900
20,포테이토골드L&홈샐러드(윙8조각),보너스파우치,37900
20,하프앤하프R&홈샐러드(윙8조각),보너스파우치,32900
20,하프앤하프L&홈샐러드(윙8조각),보너스파우치,38900
20,콤보R&홈샐러드(윙8조각),보너스파우치,26900
20,콤보L&홈샐러드(윙8조각),보너스파우치,30900
20,불고기R&홈샐러드(윙8조각),보너스파우치,26900
20,불고기L&홈샐러드(윙8조각),보너스파우치,30900
20,치즈캡변경시,프리미엄피자,3500
20,"""해쉬브라운,에그타르트,크림치즈,골드변경시""",프리미엄피자,1000
20,트레비앙R,프리미엄피자,22000
20,트레비앙L,프리미엄피자,30000
20,로맨틱콤보R,프리미엄피자,24000
20,로맨틱콤보L,프리미엄피자,32000
20,러블리피스R,프리미엄피자,26000
20,러블리피스L,프리미엄피자,34000
20,스윗피스R,프리미엄피자,21000
20,스윗피스L,프리미엄피자,29000
20,쉬림프골드R,프리미엄피자,25900
20,쉬림프골드L,프리미엄피자,33900
20,포테이토골드R,프리미엄피자,25900
20,포테이토골드L,프리미엄피자,33900
20,하프앤하프R,프리미엄피자,26900
20,하프앤하프L,프리미엄피자,34900
20,시크릿가든R,프리미엄피자,24900
20,시크릿가든L,프리미엄피자,32900
20,게살몽땅R,프리미엄피자,26500
20,게살몽땅L,프리미엄피자,34500
20,치즈캡L변경시,클래식피자,4500
20,치즈캡R변경시,클래식피자,3500
20,포테이토피자R,클래식피자,17900
20,포테이토피자L,클래식피자,22900
20,미스터피자콤보R,클래식피자,17900
20,미스터피자콤보L,클래식피자,22900
20,불고기피자R,클래식피자,16500
20,불고기피자L,클래식피자,21500
20,하와이안딜라이트R,클래식피자,13500
20,하와이안딜라이트L,클래식피자,18500
20,베지테리안R,클래식피자,13500
20,베지테리안L,클래식피자,18500
20,크런치포테이토R,스마티피자(씬),17000
20,크런치포테이토L,스마티피자(씬),25000
20,크림쉬림프R,스마티피자(씬),19000
20,크림쉬림프L,스마티피자(씬),27000
20,시카고딥R,스마티피자(씬),18000
20,시카고딥L,스마티피자(씬),26000
20,리코타치즈샐러드,사이드메뉴,6900
20,케이준치킨샐러드,사이드메뉴,6900
20,홈샐러드,사이드메뉴,5900
20,허니치킨,사이드메뉴,18000
20,허니감자(매콤),사이드메뉴,3000
20,허니감자(순한),사이드메뉴,3000
20,허니버터디핑소스,사이드메뉴,1500
20,허니버터시즈닝,사이드메뉴,500
20,치즈볼4개,사이드메뉴,4500
20,베이크윙4개,사이드메뉴,3900
20,베이크윙8개,사이드메뉴,7500
20,크리스피텐터치킨4개,사이드메뉴,3900
20,크리스피텐더치킨8개,사이드메뉴,7500
20,핫윙4개,사이드메뉴,3500
20,핫윙8개,사이드메뉴,6900
20,하프치킨,사이드메뉴,8900
20,치즈스틱4개,사이드메뉴,3900
20,치즈스틱8개,사이드메뉴,6900
20,쫀득핫도그3개,사이드메뉴,3900
20,크러쉬드레드페퍼,사이드메뉴,200
20,피클,사이드메뉴,200
20,갈릭디핑소스,사이드메뉴,100
20,핫소스,사이드메뉴,100
20,허니머스타드소스,사이드메뉴,100
20,꿀,사이드메뉴,600
20,쉬림프까르보나라,파스타/리조또,9900
20,오븐치즈미트스파게티,파스타/리조또,7900
20,오븐치즈베이컨크림스파게티,파스타/리조또,7900
20,오브친즈씨푸드김치스파게티,파스타/리조또,7900
20,오븐치즈씨푸드김치리조또,파스타/리조또,8900
20,펩시콜라500ml,음료,1000
20,펩시콜라1.25L,음료,1600
20,칠성사이다500ml,음료,1200
20,칠성사이다1.25L,음료,1600
20,마운틴듀400ml,음료,1000
20,마운틴듀1.5L,음료,1900
20,따블퐈홈런박스(하프치킨),홈런박스,28900
20,따블퐈홈런박스(스파게티),홈런박스,28900
20,따블퐈R&홈샐러드(스파게티),보너스파우치,31900
20,따블퐈L&홈샐러드(스파게티),보너스파우치,37900
20,따블퐈R&홈샐러드(윙8조각),보너스파우치,31900
20,따블퐈L&홈샐러드(윙8조각),보너스파우치,37900
20,스노잉쉬림프R,프리미엄피자,24000
20,스노잉쉬림프L,프리미엄피자,32000
20,까르네콤보R,프리미엄피자,24000
20,까르네콤보L,프리미엄피자,32000
20,따블퐈R,프리미엄피자,24000
20,따블퐈L,프리미엄피자,32000
20,또띠아피자R,클래식피자,17900
20,페스츄리피자R,클래식피자,17900
20,불고기+시크릿가든,투런홈런박스,38900
20,콤보+시크릿가든,투런홈런박스,38900
20,불고기+포테이토골드,투런홈런박스,38900
20,콤보+포테이토골드,투런홈런박스,38900
20,콤보+포테이토,투런홈런박스,33900
21,오리지널,도우선택,0
21,씬크리스트BIG,도우선택,2000
21,씬크리스트L or M,도우선택,1000
21,치즈크러스트or골드크러스트BIG,도우선택,4500
21,치즈크러스트or골드크러스트L,도우선택,3500
21,치즈크러스트or골드크러스트M,도우선택,2500
21,아메리칸스페셜M,피자,13500
21,아메라칸스페셜L,피자,16900
21,아메리칸스페셜BIG,피자,23900
21,하프앤하프L,피자,15900
21,하프앤하프BIG,피자,22900
21,크렌베리고르곤졸라L,피자,21900
21,크렌베리고르곤졸라BIG,피자,28900
21,로얄쿼터블L,피자,27900
21,로얄쿼터블BIG,피자,34900
21,차샤로우M,피자,18500
21,차샤로우L,피자,21900
21,차샤로우BIG,피자,28900
21,씨-푸드M,피자,15500
21,씨-푸드L,피자,18900
21,씨-푸드BIG,피자,25900
21,헤븐리포치즈M,피자,15500
21,헤븐리포치즈L,피자,18900
21,헤븐리포치즈BIG,피자,25900
21,쿼터드레싱포테이토L,피자,18900
21,쿼터드레싱포테이토BIG,피자,25900
21,레드핫치킨M,피자,15500
21,레드핫치킨L,피자,18900
21,레드핫치킨BIG,피자,25900
21,더블포테이토M,피자,15500
21,더블포테이토L,피자,18900
21,더블포테이토BIG,피자,25900
21,쉬림프디럭스M,피자,15500
21,쉬림프디럭스L,피자,18900
21,쉬림프디럭스BIG,피자,25900
21,핫앤스파이시M,피자,14500
21,핫앤스파이시L,피자,17900
21,핫앤스파이시BIG,피자,24900
21,고구마스위트M,피자,14500
21,고구마스위트L,피자,17900
21,고구마스위트BIG,피자,24900
21,불고기M,피자,14500
21,블고기L,피자,17900
21,불고기BIG,피자,24900
21,포테이토M,피자,14500
21,포테이토L,피자,17900
21,포테이토BIG,피자,24900
21,더블치즈베이컨M,피자,13500
21,더블치즈베이컨L,피자,16900
21,더블치즈베이컨BIG,피자,23900
21,치킨바베큐M,피자,15500
21,치킨바베큐L,피자,18900
21,치킨바베큐BIG,피자,25900
21,통가슴살치킨피자M,피자,15500
21,통가슴살치킨피자L,피자,18900
21,통가슴살치킨피자BIG,피자,25900
21,헤븐스페셜M,피자,13500
21,헤븐스페셜L,피자,16900
21,헤븐스페셜BIG,피자,23900
21,페파로니M,피자,12500
21,페파로니L,피자,15900
21,페파로니BIG,피자,22900
21,슈퍼슈프림M,피자,13500
21,슈퍼슈프림L,피자,16900
21,슈퍼슈프림BIG,피자,23900
21,더블치즈피자M,피자,12500
21,더블치즈피자L,피자,15900
21,더블치즈피자BIG,피자,22900
21,하와이안M,피자,12500
21,하와이안L,피자,15900
21,하와이안BIG,피자,22900
21,그릴드포크밸리,피자,16500
21,그릴드포크밸리,피자,19900
21,그릴드포크밸리,피자,26900
21,매운까르보나라스파게티,사이드,7500
21,씨푸드포모도로,사이드,7500
21,포모도로스파게티,사이드,6500
21,볼로네즈스파게티,사이드,6500
21,까르보나라스파게티,사이드,7000
21,크리스피 타코버거,사이드,11900
21,치킨텐더(7조각),사이드,6500
21,순가슴살치킨(10조각),사이드,6500
21,핫윙(8조각),사이드,6500
21,치킨콤보,사이드,13900
21,치킨도넛,사이드,6500
21,콘샐러드,사이드,1200
21,탄두리 치킨 ,사이드,14500
21,헤븐 박스,세트메뉴,24900
21,오리저널라지세트,세트메뉴,23900
21,오리지널빅라지세트,세트메뉴,28900
21,패밀리세트,세트메뉴,33900
21,파티세트,세트메뉴,53900
21,치킨콤보세트,세트메뉴,28900
21,크리스피타코버거세트,세트메뉴,16900
21,미디엄세트,세트메뉴,19900
21,라지세트,세트메뉴,23900
21,빅라지세트,세트메뉴,28900
21,핫쭈꾸쭈꾸피자M,피자,21500
21,핫쭈꾸쭈꾸피자L,피자,24900
21,핫쭈꾸쭈꾸피자BIG,피자 ,31900
21,그릴드 포크벨리M,피자,16500
21,그릴드 포크벨리L,피자,19900
21,그릴드 포크벨리BIG,피자,26900
22,"""방문포장2000원할인,콜라증정(R사이즈는콜라제외)""",비고,0
22,콜라+사이드메뉴택1,비고,4000
22,콜라+스파게티(미트/토마토)선택1,비고,5500
22,"""도우추가(치즈,아몬드골드,과일크림,아몬드단팥)""",비고,3000
22,반반메뉴추가시,비고,2000
22,시카고미트볼피자(XL사이즈치즈크러스트만가능),신메뉴,0
22,게살바른피자-L,신메뉴,25000
22,쓰리스타피자-L,신메뉴,21000
22,허쉬포테이토-L,신메뉴,21000
22,럭키세븐치즈피자- R(2인),스페셜피자,18000
22,럭키세븐치즈피자- L(3인),스페셜피자,21000
22,럭키세븐치즈피자- XL(5인),스페셜피자,25000
22,쩍벌새우피자- R(2인),달인피자,23000
22,쩍벌새우피자- L(3인),달인피자,26000
22,쩍벌새우피자- XL(5인),달인피자,30000
22,바삭감자피자- R(2인),달인피자,22000
22,바삭감자피자- L(3인),달인피자,25000
22,바삭감자피자- XL(5인),달인피자,29000
22,치즈매니아피자- R(2인),스페셜피자,18000
22,치즈매니아피자- L(3인),스페셜피자,21000
22,치즈매니아피자- XL(5인),스페셜피자,25000
22,럭셔리씨푸드피자- R(2인),스페셜피자,18000
22,럭셔리씨푸드피자- L(3인),스페셜피자,21000
22,럭셔리씨푸드피자- XL(5인),스페셜피자,25000
22,시골갈비피자- R(2인),스페셜피자,18000
22,시골갈비피자- L(3인),스페셜피자,21000
22,시골갈비피자- XL(5인),스페셜피자,25000
22,매운시골갈비피자- R(2인),스페셜피자,18000
22,매운시골갈비피자- L(3인),스페셜피자,21000
22,매운시골갈비피자- XL(5인),스페셜피자,25000
22,도시갈비피자- R(2인),스페셜피자,18000
22,도시갈비피자- L(3인),스페셜피자,21000
22,도시갈비피자- XL(5인),스페셜피자,25000
22,리얼숯불바베큐치킨피자- R(2인),스페셜피자,18000
22,리얼숯불바베큐치킨피자- L(3인),스페셜피자,21000
22,리얼숯불바베큐치킨피자- XL(5인),스페셜피자,25000
22,더블베이컨체다피자- R(2인),스페셜피자,18000
22,더블베이컨체다피자- L(3인),스페셜피자,21000
22,더블베이컨체다피자- XL(5인),스페셜피자,25000
22,슈퍼콤비피자- R(2인),클래식피자,13000
22,슈퍼콤비피자- L(3인),클래식피자,16000
22,슈퍼콤비피자- XL(5인),클래식피자,20000
22,더쉬림프피자- R(2인),클래식피자,13000
22,더쉬림프피자- L(3인),클래식피자,16000
22,더쉬림프피자- XL(5인),클래식피자,20000
22,달큰고구메피자- R(2인),클래식피자,13000
22,달큰고구메피자- L(3인),클래식피자,16000
22,달큰고구메피자- XL(5인),클래식피자,20000
22,감재의진리피자- R(2인),클래식피자,13000
22,감재의진리피자- L(3인),클래식피자,16000
22,감재의진리피자- XL(5인),클래식피자,20000
22,직화불고기피자- R(2인),클래식피자,13000
22,직화불고기피자- L(3인),클래식피자,16000
22,직화불고기피자- XL(5인),클래식피자,20000
22,치즈페퍼로니피자- R(2인),클래식피자,13000
22,치즈페퍼로니피자- L(3인),클래식피자,16000
22,치즈페퍼로니피자- XL(5인),클래식피자,20000
22,치즈하와이언피자- R(2인),클래식피자,13000
22,치즈하와이언피자- L(3인),클래식피자,16000
22,치즈하와이언피자- XL(5인),클래식피자,20000
22,로제해물파스타,사이드메뉴,7700
22,스파게티(미트/토마토),사이드메뉴,5000
22,베이컨허브감자,사이드메뉴,3000
22,고구마치즈스틱(4조각),사이드메뉴,3000
22,핫윙(5조각),사이드메뉴,3000
22,머쉬룸 크림 스파게티,사이드메뉴,6500
22,수제피클추가,사이드메뉴,500
22,핫소스추가,사이드메뉴,100
22,갈릭소스추가,사이드메뉴,500
22,콜라500ML,음료,1000
22,콜라1.25L,음료,1500
22,매콤치즈불닭-L,신메뉴,21000
22,갈릭고르곤졸라-L,신메뉴,16000
23,콤비네이션피자R,피자,12900
23,콤비네이션피자L,피자,14900
23,콤비네이션피자XXXL,피자,20900
23,불고기피자R,피자,12900
23,불고기피자L,피자,14900
23,불고기피자XXXL,피자,20900
23,치즈피자R,피자,12900
23,치즈피자L,피자,14900
23,치즈피자XXXL,피자,20900
23,야채피자R,피자,12900
23,야채피자L,피자,14900
23,야채피자XXXL,피자,20900
23,페페로니피자R,피자,12900
23,페페로니피자L,피자,14900
23,페페로니피자XXXL,피자,20900
23,하와이언피자R,피자,12900
23,하와이언피자L,피자,14900
23,하와이언피자XXXL,피자,20900
23,베이컨체다치즈피자R,피자,12900
23,베이컨체다치즈피자L,피자,14900
23,베이컨체다치즈피자XXXL,피자,20900
23,수제고구마피자R,피자,13900
23,수제고구마피자L,피자,15900
23,수제고구마피자XXXL,피자,22900
23,포테이토피자R,피자,13900
23,포테이토피자L,피자,15900
23,포테이토피자XXXL,피자,22900
23,치킨바베큐피자R,피자,13900
23,치킨바베큐피자L,피자,15900
23,치킨바베큐피자XXXL,피자,22900
23,핫치킨피자R,피자,13900
23,핫치킨피자L,피자,15900
23,핫치킨피자XXXL,피자,22900
23,통마늘불고기피자R,피자,13900
23,통마늘불고기피자L,피자,15900
23,통마늘불고기피자XXXL,피자,22900
23,쉬림프피자R,피자,14900
23,쉬림프피자L,피자,16900
23,쉬림프피자XXXL,피자,24900
23,핫치킨쉬림프피자R,피자,14900
23,핫치킨쉬림프피자,피자,16900
23,핫치킨쉬림프피자XXXL,피자,24900
23,더블바베큐피자R,피자,14900
23,더블바베큐피자L,피자,16900
23,더블바베큐피자XXXL,피자,24900
23,쏘핫불고기피자R,피자,14900
23,쏘핫불고기피자L,피자,16900
23,치즈후라이피자R,피자,14900
23,치즈후라이피자L,피자,16900
23,스파이시도이치피자R,피자,14900
23,스파이시도이치피자L,피자,16900
23,스파이시도이치피자XXXL,피자,24900
23,베이컨쉬림프피자R,피자,15900
23,베이컨쉬림프피자L,피자,17900
23,베이컨쉬림프피자XXXL,피자,26900
23,훈제치킨(한마리),사이드메뉴,9900
23,치즈오븐스파게티,사이드메뉴,5000
23,고구마스파게티,사이드메뉴,5500
23,핫칠리스파게티,사이드메뉴,5500
23,치킨스파게티,사이드메뉴,5500
23,오지치즈 후라이,사이드메뉴,5000
23,버팔로윙(5조각),사이드메뉴,4000
23,치킨텐더(4조각),사이드메뉴,4000
23,치즈스틱(5조각),사이드메뉴,4000
23,코카콜라500mL,사이드메뉴,1300
23,코카콜라1.25L,사이드메뉴,1800
23,스프라이트500mL,사이드메뉴,1300
23,스프라이트1.25L,사이드메뉴,1800
23,수제갈릭소스,사이드메뉴,400
23,수제피클,사이드메뉴,500
23,오리지널,도우선택,0
23,치즈크러스트,도우선택,3000
23,크림치즈,도우선택,4000
23,골드,도우선택,4000
23,바이트,도우선택,5000
23,리치골드,도우선택,5000
23,소보로,도우선택,5000
23,콤비네이션,토핑선택,0
23,불고기,토핑선택,0
23,치즈,토핑선택,0
23,야채,토핑선택,0
23,페페로니,토핑선택,0
23,하와이언,토핑선택,0
23,베이컨체다치즈,토핑선택,0
23,수제고구마,토핑선택,1000
23,포테이토,토핑선택,1000
23,치킨바베큐,토핑선택,1000
23,핫치킨,토핑선택,1000
23,통마늘불고기,토핑선택,1000
23,쉬림프,토핑선택,2000
23,핫치킨쉬림프,토핑선택,2000
23,더블바베큐,토핑선택,2000
23,쏘핫불고기,토핑선택,2000
23,스파이시도이치,토핑선택,2000
23,베이컨쉬림프,토핑선택,3000
23,하프앤하프피자R,하프앤하프피자,13900
23,하프앤하프피자L,하프앤하프피자,15900
23,하프앤하프피자XXXL,하프앤하프피자,22900
23,오리지널피자R + 오리지널피자R,원플러스원피자,22900
23,오리지널피자L + 오리지널피자L,원플러스원피자,26900
23,오리지널피자R + 치즈오븐스파게티 + 체다웨지감자 + 치킨텐더 + 핫윙,스위트박스,24900
23,오리지널피자R + 훈제치킨 + 그릴소세지 + 크리스피포테이토,스위트박스,28900
23,세트1: 오리지널피자L + 오븐스파게티 + 콜라500mL,세트메뉴,18500
23,세트2: 오리지널피자L + 오븐스파게티 + 버팔로윙 + 콜라1.25L,세트메뉴,22000
23,세트3: 오리지널피자L + 오븐스파게티 + 훈제치킨 + 콜라1.25L,세트메뉴,27000
23,세트4: 오리지널피자L + 오븐스파게티 + 버팔로윙 + 훈제치킨 + 콜라1.25L,세트메뉴,31000
23,세트5: 오리지널피자R + 오븐스파게티 + 콜라500mL,세트메뉴,16500
23,세트6: 오리지널피자R + 오븐스파게티 + 버팔로윙 + 콜라1.25L,세트메뉴,20000
23,세트7: 오리지널피자R + 오븐스파게티 + 훈제치킨 + 콜라1.25L,세트메뉴,25000
23,세트8: 오리지널피자R + 오븐스파게티 + 버팔로윙 + 훈제치킨 + 콜라1.25L,세트메뉴,29000
23,세트9: 오리지널피자L + 오븐스파게티 + 콜라500mL,세트메뉴,24000
23,세트10: 오리지널피자R + 훈제치킨 + 콜라1.25L,세트메뉴,22000
24,제육덮밥+돈까스+캔콜라,세트,6500
24,오므라이스+돈까스+캔,세트,6500
24,김치볶음밥+돈까스+캔,세트,6500
24,오징어덮밥+돈까스+캔,세트,6500
24,새우볶음밥+돈까스+캔,세트,6500
24,고추잡채밥+돈까스+캔,세트,6500
24,쫄면+돈까스,세트,7000
24,우동+돈까스,세트,7000
24,비냉+돈까스,세트,7000
24,돈까스+생선까스+함박스테이크,세트,8000
24,돈까스+치킨까스+함박스테이크,세트,8000
24,돈까스+새우까스+함박스테이크,세트,8000
24,짬뽕+돈까스,세트,7000
24,칼국수+돈까스,세트,7000
24,수제비+돈까스,세트,7000
24,떡만두+돈까스,세트,7000
24,제육덮밥,밥류,5000
24,오므라이스,밥류,5000
24,김치볶음밥,밥류,5000
24,오징어덮밥,밥류,5000
24,새우볶음밥,밥류,5000
24,고추잡채밥,밥류,5000
24,김치제육덮밥,밥류,5500
24,제육돌솥,밥류,5500
24,치즈돌솥,밥류,5500
24,돌솥비빔밥,밥류,5500
24,소불고기돌솥,밥류,5500
24,불고기비빔밥,밥류,5500
24,뚝배기불고기,밥류,5500
24,짬뽕우동,밥류,5500
24,소고기순두부찌개,밥류,5500
24,해물순두부찌개,밥류,5500
24,해물짬뽕밥,밥류,6000
24,낙지덮밥,밥류,6000
25,김치찌개(2인)+제육볶음(1인),세트,16000
25,된장찌개(2인)+제육볶음(1인),세트,16000
25,순두부찌개(2인)+제육볶음(1인),세트,16000
25,부대찌개(2인)+제육볶음(1인),세트,18000
25,동태찌개(2인)+제육볶음(1인),세트,18000
25,부대찌개(2인),식사,12000
25,부대찌개(3인),식사,18000
25,부대찌개(4인),식사,24000
25,김치찌개(2인),식사,10000
25,김치찌개(3인),식사,15000
25,김치찌개(4인),식사,20000
25,참치찌개(2인),식사,10000
25,참치찌개(3인),식사,15000
25,참치찌개(4인),식사,20000
25,꽁치찌개(2인),식사,11000
25,꽁치찌개(3인),식사,16000
25,꽁치찌개(4인),식사,22000
25,된장찌개(2인),식사,10000
25,된장찌개(3인),식사,15000
25,된장찌개(4인),식사,20000
25,순두부찌개(2인),식사,10000
25,순두부찌개(3인),식사,15000
25,순두부찌개(4인),식사,20000
25,만두전골(2인),식사,11000
25,만두전골(3인),식사,16000
25,만두전골(4인),식사,22000
25,동태찌개(2인),식사,12000
25,동태찌개(3인),식사,18000
25,동태찌개(4인),식사,24000
25,오삼불고기(2인),식사,12000
25,오삼불고기(3인),식사,18000
25,오삼불고기(4인),식사,24000
25,제육볶음(2인),식사,12000
25,제육볶음(3인),식사,18000
25,제육볶음(4인),식사,24000
25,닭고추장불고기(2인),식사,12000
25,닭고추장불고기(3인),식사,18000
25,닭고추장불고기(4인),식사,24000
25,안동찜닭(중),식사,22000
25,안동찜닭(대),식사,30000
25,두부김치,식사,15000
25,닭도리탕(중),식사,20000
25,닭도리탕(대),식사,27000
25,김치떡닭도리탕(중),식사,22000
25,김치떡닭도리탕(대),식사,30000
25,낙지볶음소면(중),식사,20000
25,낙지볶음소면(대),식사,30000
25,두부전골(중),식사,19000
25,두부전골(대),식사,27000
25,버섯전골(중),식사,20000
25,버섯전골(대),식사,30000
25,제육비빔밥,식사,5000
25,열무비빔밥,식사,5000
25,낙지비빔밥,식사,6000
25,오징어비빔밥,식사,5000
26,카드배달주문시총가격에서1000원추가,비고,0
26,감자탕(대),찜탕,30000
26,감자탕(중),찜탕,25000
26,감자탕(소),찜탕,20000
26,아구찜(대),찜탕,30000
26,아구찜(중),찜탕,25000
26,아구찜(소),찜탕,20000
26,아구탕(대),찜탕,30000
26,아구탕(중),찜탕,25000
26,아구탕(소),찜탕,20000
26,닭도리탕(대),찜탕,30000
26,닭도리탕(중),찜탕,25000
26,닭도리탕(소),찜탕,20000
26,불낙전골1인,찜탕,9000
26,삼계탕,찜탕,10000
26,낙지볶음,찌개/조림,8000
26,뼈해장국,찌개/조림,5000
26,뚝배기불백,찌개/조림,5000
26,동태찌개,찌개/조림,5000
26,갈치조림,찌개/조림,5000
26,부대찌개,찌개/조림,5000
26,청국장,찌개/조림,4000
26,오징어볶음,찌개/조림,4000
26,제육볶음,찌개/조림,4000
26,돌솥비빔밥,찌개/조림,4000
26,김치찌개,찌개/조림,4000
26,된장찌개,찌개/조림,4000
26,순두부찌개,찌개/조림,4000
26,냉면,찌개/조림,4000
26,떡국,찌개/조림,4000
27,병천순대국,식사,6000
27,뼈해장국,식사,7000
27,우거지순대국,식사,7000
27,매운순대국,식사,7000
27,닭육계장,식사,6000
27,뚝배기불고기,식사,6000
27,반계탕,식사,7000
27,삼계탕,식사,12000
27,떡(만두)국 (밥포함),식사,6000
27,부대찌개(1인분),식사,6000
27,부대찌개(2인분),식사,14000
27,참치알밥,식사,5000
27,순대 한접시,식사,6000
27,머리고기수육,안주메뉴,15000
27,순대곱창볶음,안주메뉴,15000
27,오징어순대,안주메뉴,15000
27,술국,안주메뉴,12000
27,모듬순대,안주메뉴,15000
27,순대곱창전골,안주메뉴,28000
28,세트1:(김치볶음밥 or 김치참치덮밥)+돈가스+소우동,볶음밥세트,7000
28,세트2:(치킨데리야끼 or 해물볶음밥 or 새우볶음밥)+돈가스+소우동,볶음밥세트,8000
28,원정대A세트:돈가스+치킨가스+소우동,돈가스세트,8000
28,원정대B세트:돈가스+생선가스+소우동,돈가스세트,8000
28,원정대C세트:돈가스+함박스텍+소우동,돈가스세트,8000
28,원정대D세트:치킨가스+생선가스+소우동,돈가스세트,8000
28,원정대E세트:생선가스+함박스텍+소우동,돈가스세트,8000
28,원정대F세트:치킨가스+함박스텍+소우동,돈가스세트,8000
28,모듬가스:돈가스+치킨가스+생선가스+함박스텍+새우가스,돈가스세트,13000
28,새우가스추가,돈가스세트추가,2000
28,어린이돈가스,돈가스및함박스텍,4500
28,원정대돈가스,돈가스및함박스텍,6500
28,카레돈가스,돈가스및함박스텍,7000
28,치킨가스,돈가스및함박스텍,7000
28,돈가스정식,돈가스및함박스텍,7000
28,생선가스,돈가스및함박스텍,7000
28,베이컨돈가스,돈가스및함박스텍,7000
28,함박스텍,돈가스및함박스텍,7000
28,새우가스,돈가스및함박스텍,7500
28,치즈돈가스,돈가스및함박스텍,7500
28,스페셜정식:돈가스+생선+함박+새우,돈가스및함박스텍,7500
28,매운돈가스,돈가스및함박스텍,7000
28,카레라이스,볶음밥및덮밥,5500
28,참치김치덮밥,볶음밥및덮밥,5500
28,김치카레돈가스덮밥,볶음밥및덮밥,7000
28,새우볶음밥,볶음밥및덮밥,6000
28,제육덮밥,볶음밥및덮밥,6000
28,김치볶음밥,볶음밥및덮밥,5500
28,해물볶음밥,볶음밥및덮밥,6500
28,오징어덮밥,볶음밥및덮밥,6500
28,치킨데리야끼볶음밥,볶음밥및덮밥,6500
28,우동,우동류,3000
28,김치우동,우동류,4000
28,새우튀김우동,우동류,5000
28,돈가스튀김우동,우동류,5000
28,모듬우동(새우+김치+돈가스),우동류,5500
28,냉모밀,우동류,5500
28,냉모밀정식,우동류,8000
28,소우동(타메뉴와 함께 주문시 배달가능),우동류,1500
28,콜라,음료,1000
28,사이다,음료,1000
29,안동찜닭(중),찜닭,25000
29,안동찜닭(소),찜닭,17000
29,고추장찜닭(대),찜닭,34000
29,고추장찜닭(중),찜닭,25000
29,고추장찜닭(소),찜닭,17000
29,순살안동찜닭(대),찜닭,34000
29,순살안동찜닭(중),찜닭,25000
29,순살안동찜닭(소),찜닭,17000
29,순살고추장찜닭(대),찜닭,34000
29,순살고추장찜닭(중),찜닭,25000
29,순살고추장찜닭(소),찜닭,17000
29,치즈찜닭안동맛(대),찜닭,37000
29,치즈찜닭안동맛(중),찜닭,28000
29,치즈찜닭안동맛(소),찜닭,20000
29,치즈찜닭고추장맛(대),찜닭,37000
29,치즈찜닭고추장맛(중),찜닭,28000
29,치즈찜닭고추장맛(소),찜닭,20000
29,만두,추가메뉴,2000
29,당면,추가메뉴,2000
29,치즈떡,추가메뉴,2000
29,공기밥,추가메뉴,1000
29,음료수500ml,음료,1000
29,음료수1.2L,음료,2000
30,원조김밥,김밥류,2000
30,고추김밥,김밥류,3000
30,참치김밥,김밥류,3000
30,김치김밥,김밥류,3000
30,치즈김밥,김밥류,3000
30,소고기김밥,김밥류,3500
30,계란말이김밥,김밥류,3500
30,누드김밥,김밥류,3500
30,모듬김밥,김밥류,3500
30,샐러드김밥,김밥류,3500
30,라면,분식류,3000
30,떡라면,분식류,3500
30,치즈라면,분식류,3500
30,햄라면,분식류,3500
30,만두라면,분식류,3500
30,김치라면,분식류,3500
30,짬뽕라면,분식류,3500
30,라제비,분식류,4000
30,우동,분식류,4500
30,김치우동,분식류,4500
30,떡볶이,분식류,4000
30,라볶이,분식류,4000
30,치즈떡볶이,분식류,4500
30,특라볶이(라면+떡+만두+치즈),분식류,5000
30,오뎅,분식류,4000
30,손수제비,분식류,4500
30,칼국수,분식류,4500
30,떡국,분식류,4500
30,떡만두국,분식류,5000
30,만두국,분식류,4500
30,고기만두,분식류,4000
30,김치만두,분식류,4000
30,물만두,분식류,4000
30,잔치국수,분식류,4500
30,비빔국수,분식류,4500
30,콩국수,분식류,5000
30,물냉면,분식류,5000
30,비빔냉면,분식류,5000
30,쫄면,분식류,4500
30,특쫄볶이(쫄면+떡+만두+치즈),분식류,5000
30,돈까스,돈까스류,6000
30,카레돈까스,돈까스류,6000
30,고구마돈까스,돈까스류,6500
30,치즈돈까스,돈까스류,6500
30,치킨까스,돈까스류,6500
30,스페셜정식(돈까스+김밥+쫄면+주먹밥),돈까스류,8000
30,추억의도시락,식사류,5000
30,오므라이스,식사류,5500
30,카레라이스,식사류,5500
30,김치볶음밥,식사류,5500
30,김치덮밥,식사류,5500
30,오징어덮밥,식사류,6000
30,제육덮밥,식사류,5500
30,참치덮밥,식사류,5500
30,불고기덮밥,식사류,6000
30,낙지덮밥,식사류,6000
30,새우볶음밥,식사류,6000
30,비빔밥,식사류,5500
30,돌솥비빔밥,식사류,6000
30,돌솥알밥,식사류,6000
30,고등어김치조림,식사류,6500
30,꽁치김치조림,식사류,6500
30,김치찌개,식사류,5500
30,참치찌개,식사류,5500
30,된장찌개,식사류,5500
30,순두부찌개,식사류,5500
30,부대찌개,식사류,6000
30,육개장,식사류,6000
30,갈비탕,식사류,6000
30,내장탕,식사류,6000
30,설렁탕,식사류,6000
30,양평해장국,식사류,6000
30,다슬기해장국,식사류,6000
30,뼈다귀해장국,식사류,6000
30,소고기국밥,식사류,6000
30,양푼비빔밥(2인분+된장찌개),식사류,11000
30,양푼김치찌개(2인분+공기밥),식사류,11000
30,돈까스+라면+김밥,세트메뉴,10000
30,치즈돈까스+치즈라면+김밥,세트메뉴,11000
30,오므라이스+라볶이+김밥,세트메뉴,10000
30,추억의도시락+라볶이+김밥,세트메뉴,10000
31,비빔밥,식사류,5500
31,제육덮밥,식사류,5500
31,오징어덮밥,식사류,5500
31,카레덮밥,식사류,5500
31,참지김치볶음밥,식사류,5500
31,김치찌개,식사류,5500
31,된장찌개,식사류,5500
31,청국장,식사류,5500
31,돼지불고기,식사류,6000
31,오삼불고기,식사류,6000
31,소불고기,식사류,6000
31,갈비탕(겨울메뉴),식사류,6000
31,쭈불이,식사류,7000
31,라면,면류,3000
31,우동,면류,3000
31,치즈라면,면류,3500
31,떡라면,면류,4000
31,만두라면,면류,4000
31,라볶이,면류,4500
31,우동볶이,면류,4500
31,쫄볶이,면류,5000
31,쫄면,면류,5000
31,비빔국수,면류,5000
31,떡만두국,면류,5000
31,손칼국수,면류,5000
31,매운 라+우동,면류,5500
31,냉면,면류,5500
31,냉면+갈비(여름메뉴),면류,6500
31,흑미 야채김밥,흑미김밥,2000
31,흑미 김치김밥,흑미김밥,2500
31,흑미 매운고추김밥,흑미김밥,3500
31,흑미 참치김밥,흑미김밥,3500
31,흑미 치즈김밥,흑미김밥,3500
31,흑미 쇠고기김밥,흑미김밥,3500
31,흑미 제육김밥,흑미김밥,4000
31,흑미 날치알김밥,흑미김밥,4000
31,흑미 참치김밥,흑미김밥,4000
31,흑미 쇠고기치즈김밥,흑미김밥,4000
31,흑미 모듬김밥,흑미김밥,4500
31,흑미 참치주먹밥,흑미주먹밥(계란말이 추가시 + 1500),2000
31,흑미 쇠고기주먹밥,흑미주먹밥(계란말이 추가시 + 1500),2000
31,흑미 김치주먹밥,흑미주먹밥(계란말이 추가시 + 1500),2500
31,흑미 제육주먹밥,흑미주먹밥(계란말이 추가시 + 1500),3500
31,흑미 계란말이주먹밥(참치or쇠고기),흑미주먹밥(계란말이 추가시 + 1500),3500
31,흑미 매운고추주먹밥(참치or쇠고기),흑미주먹밥(계란말이 추가시 + 1500),3500
31,흑미 참치치즈주먹밥,흑미주먹밥(계란말이 추가시 + 1500),3500
31,흑미 쇠고기치즈주먹밥,흑미주먹밥(계란말이 추가시 + 1500),3500
31,흑미 비빔참치주먹밥,흑미주먹밥(계란말이 추가시 + 1500),4000
31,흑미 비빔쇠고기주먹밥,흑미주먹밥(계란말이 추가시 + 1500),4000
31,흑미 비빔참치치즈주먹밥,흑미주먹밥(계란말이 추가시 + 1500),4500
31,흑미 비빔쇠고기치즈주먹밥,흑미주먹밥(계란말이 추가시 + 1500),4500
31,"""기본사리:떡,라,오,쫄,야끼,계란""",즉석떡볶이,0
31,사리추가 각각 1000원,즉석떡볶이,1000
31,소(2인분),즉석떡볶이,9000
31,중(3-4인분),즉석떡볶이,13500
31,대(4인분이상),즉석떡볶이,18000
31,만두1인분(10개),즉석떡볶이,4000
31,오뎅1인분 (겨울메뉴,즉석떡볶이,2500
31,라면+김밥or주먹밥,세트,4500
31,우동+김밥or주먹밥,세트,4500
31,치즈라면+김밥or주먹밥,세트,5000
31,만두라면+김밥or주먹밥,세트,5500
31,떡라면+김밥or주먹밥,세트,5500
31,만두+김밥or주먹밥,세트,5500
31,라면+참치김밥or치즈김밥,세트,6000
31,라볶이+김밥or주먹밥,세트,6000
31,떡라면+참치김밥or치즈김밥,세트,7000
31,라볶이+참치김밥or치즈김밥,세트,7500
32,수육국밥,식사류,6900
32,수육국밥(특),식사류,8000
32,순대국밥,식사류,6900
32,순대국밥(특),식사류,8000
32,얼큰국밥,식사류,6900
32,얼큰국밥(특),식사류,8000
32,직화물냉면,식사류,6500
32,직화비빔냉면,식사류,6500
32,명태회냉면,식사류,7000
32,수육백반정식(2인이상주문가능),식사류,10000
32,직화구이정식(2인이상주문가능),식사류,10000
32,얼큰술국,요리류,15000
32,수육보쌈(중),요리류,25000
32,수육보쌈(대),요리류,33000
32,수육전골(중),요리류,18000
32,수육전공(대),요리류,23000
32,족발냉채,요리류,20000
32,철판바베큐,요리류,15000
33,뼈해장국,메뉴,6500
33,비빔냉면,메뉴,5000
33,물냉면,메뉴,5000
34,세트1(떡1+오뎅2+만두1+쿨피스1),세트,8000
34,세트2(떡1+오뎅1+만두1+김말이1+잡채말이1+쿨피스1),세트,9500
34,세트3(떡2+오뎅1+만두1+김말이1+잡채말이1+쿨피스1),세트,12500
34,세트4(떡2+오뎅2+만두1+김말이1+잡채말이1+쿨피스1),세트,13500
34,세트5(떡2+오뎅2+만두2+김말이1+잡채말이1+쿨피스1),세트,15000
34,패밀리원세트(떡2+오뎅2+만두2+김말이2+잡채말이2+쿨피스1),세트,17500
34,패밀리투세트(떡1+치떡1+오뎅2+만두2+김말이2+잡채말이2+쿨피스1),세트,18500
34,떡볶이(순한or중간or매운),떡볶이,2500
34,치즈떡볶이(순한or중간or매운),떡볶이,3500
34,오뎅튀김(6개),토핑,1500
34,만두튀김(5개),토핑,1500
34,김말이튀김(3개),토핑,1500
34,잡채말이튀김(3개),토핑,1500
34,치즈스틱(3개),토핑,2000
34,삶은계란(2개),토핑,1000
34,치즈토핑,토핑,1000
34,신전김밥,김밥,2000
34,치즈김밥,김밥,2500
34,참치마요컵밥,김밥,3000
34,팥빙수,음료,4000
34,쿨피스,음료,1500
35,"""해물,카레,짜장떡볶이중1개선택/튀김1인분/주먹밥""",세트,17000
35,닭발(뼈있는또는뼈없는)+튀김1인분+주먹밥,세트,19000
35,오돌뼈+튀김1인분+주먹밥,세트,18000
35,해물떡볶이,떡볶이,13000
35,해물카레떡볶이,떡볶이,14000
35,해물짜장떡볶이,떡볶이,14000
35,"""수제튀김1인분(고기,김말이,야채,오징어,고구마,새우,계란중5개선택)""",사리,4000
35,라면사리,사리,1000
35,오뎅사리,사리,1000
35,치즈추가,사리,1000
35,쫄면사리,사리,2000
35,우동사리,사리,2000
35,주먹밥,사리,3000
35,쿨피스,음료,1500
35,사이다/콜라,음료,1000
35,뼈있는국물닭발(2인분),기타,15000
35,뼈없는국물 닭발,기타,14000
35,닭볶음탕(1마리),기타,22000
35,오돌뼈(2인분),기타,14000
36,엽기세트A(엽떡or엽오+모듬튀김+계란or메추리알+쿨피스450ml),세트,17000
36,엽기세트B(엽떡or엽오+모듬튀김+주먹김밥+계란or메추리알+쿨피스450ml),세트,19000
36,엽기세트C(엽떡or엽오+모듬튀김+주먹김밥+당면+계란or메추리알+쿨피스450ml,세트,21000
36,엽기떡볶이,엽떡,14000
36,엽기오뎅,엽떡,14000
36,엽기닭도리,엽떡,24000
36,참숯통닭발,참숯메뉴,14000
36,참숯뼈없는닭발,참숯메뉴,15000
36,국물닭발,참숯메뉴,15000
36,야채볶음닭발,참숯메뉴,15000
36,참숯닭날개,참숯메뉴,14000
36,불똥집,참숯메뉴,14000
36,오돌뼈,참숯메뉴,14000
36,돼지석쇠불고기,참숯메뉴,14000
36,주먹김밥,사이드메뉴,2000
36,누룽지탕,사이드메뉴,5000
36,계란야채죽,사이드메뉴,5000
36,오뎅탕,사이드메뉴,10000
36,치즈,토핑,3000
36,당면,토핑,2000
36,햄,토핑,1000
36,계란,토핑,1000
36,메추리알,토핑,1000
36,"""떡,오뎅사리추가""",토핑,1000
36,튀김만두(4개),토핑,2000
36,김말이튀김(3개),토핑,2000
36,야채튀김(1개),토핑,1000
36,순대(300g),토핑,3000
36,모듬튀김(야채튀김1+김말일1+만두2),토핑,2000
36,쿨피스450ml,음료,1000
37,1.(웁스떡볶이or웁스오뎅택1)+튀김만두+주먹김밥,세트,16000
37,2.(웁스떡볶이or웁스오뎅택1)+(튀김만두or주먹김밥택1)+쿨피스,세트,16000
37,3.(국물닭발or참숯닭발택1)+주먹김밥+쿨피스,세트,17000
37,웁스떡볶이(떡+오뎅+햄+치즈+계란찜),기본매뉴,13000
37,웁스오뎅(오뎅+떡+햄+치즈+계란찜),기본매뉴,13000
37,웁스닭도리,기본매뉴,22000
37,참숯닭발(참숯통닭발/참숯뼈없는닭발),기본매뉴,14000
37,국물닭발,기본매뉴,14000
37,누룽지탕,기본매뉴,5000
37,계란찜추가,추가,2000
37,떡추가,추가,1000
37,오뎅추가,추가,1000
37,햄추가,추가,1000
37,계란/메추리알,추가,1000
37,주먹김밥,추가,2000
37,튀김만두,추가,2000
37,당면,추가,2000
37,치즈,추가,3000
37,쿨피스,음료,2000
37,콜라,음료,2000
37,소주/맥주,음료,3000
37,4. (웁스짜장or사천떡볶이+튀김만두+주먹김밥),세트,16000
37,5.?(웁스짜장or사천떡볶이+튀김만두or주먹김밥+쿨피스),세트,16000
37,웁스짜장or사천떡볶이(떡+오뎅+햄+치즈+계란찜),기본매뉴,13000
38,카모메 무스비,오니기리,1200
38,참치 마요네즈,오니기리,1800
38,크레미 샐러리,오니기리,1900
38,치즈 날치알,오니기리,1900
38,고추장 불고기,오니기리,2000
38,김치 참치,오니기리,2000
38,김치 베이컨,오니기리,2000
38,매콤 멸치,오니기리,2100
38,달콤견과 며치,오니기리,2100
38,데리아끼 치킨,오니기리,2200
38,불고기,오니기리,2200
38,불닭,오니기리,2200
38,구운 명란,오니기리,2400
38,구운 연어,오니기리,2500
38,구운 스팸,오니기리,2500
38,1.크래미샐러리+구운명란,Mix 오니기리 (주문시 번호로),2700
38,2.불닭+구운명란,Mix 오니기리 (주문시 번호로),2700
38,3.불닭+스팸,Mix 오니기리 (주문시 번호로),2700
38,4.참치마요네즈+고추장불고기,Mix 오니기리 (주문시 번호로),2700
38,5.스팸+김치참치,Mix 오니기리 (주문시 번호로),2700
38,6.참치마요네즈+불닭,Mix 오니기리 (주문시 번호로),2700
38,7.치즈날치알+참치마요네즈,Mix 오니기리 (주문시 번호로),2700
38,8.매콤멸치+스팸,Mix 오니기리 (주문시 번호로),2700
38,카모메세트(카모메우동+Mix오니기리1),Set,6000
38,싱글세트(Noodle중 택1+Mix오니기리1),Set,8300
38,스페셜세트(Noodle중 택1+Mix오니기리2),Set,10600
38,커플세트(Noodle중 택1+Mix오니기리2+샐러드),Set,13000
38,카모메 우동,Noodle,4000
38,오뎅 우동,Noodle,6000
38,샐러드 우동,Noodle,6000
38,홍 우동,Noodle,6000
38,볶음 우동,Noodle,6000
38,차슈 우동,Noodle,6000
38,나가사키 짬뽕,Noodle,6000
38,크림명란 우동,Noodle,6000
38,야끼 우동,Noodle,6000
38,냉우동 (여름메뉴),Noodle,6000
38,냉모밀 (여름메뉴),Noodle,6500
38,우삼겹덮밥,Donburi,6000
38,돈까스덮밥,Donburi,6500
38,새우까스덮밥,Donburi,6500
38,아쿠아돈까스,Donburi,6800
38,크림새우덮밥,Donburi,6800
38,차슈덮밥,Donburi,6800
38,치킨카레라이스,Curry,6000
38,치킨카레우동,Curry,6000
38,카레고로케,Curry,6300
38,카레돈가스,Curry,6500
38,카레치킨가라아게,Curry,6800
38,카레왕새우,Curry,6800
38,날크박스 (치즈날치알+크래미),Rice Box,3800
38,불크박스(불닭+크래미),Rice Box,3800
38,고매박스(고추장불고기+매콤멸치),Rice Box,3800
38,데불박스(데리야끼치킨+불고기),Rice Box,3800
38,"""드레싱: 키위드레싱,오리엔탈드레싱 중 택1""",카모메 샐러드,3300
38,"""토핑: 참치마요네즈,치즈날치알,크래미샐러리 중 택1""",카모메 샐러드,3300
39,부리또,기본/세트,3000
39,부리또+탄산음료,기본/세트,3700
39,부리또+탄산음료+감자튀김,기본/세트,5500
39,소고기추가요금,기본/세트,500
39,닭/믹스(소고기+닭),기본/세트,0
39,매운맛조절가능,기본/세트,0
39,점보(크기추가),토핑추가,1000
39,포테이토(추가),토핑추가,500
39,더블치즈(추가),토핑추가,500
39,모짜렐라치즈(추가),토핑추가,1000
39,할리피뇨(추가),토핑추가,500
39,소시지(추가),토핑추가,1000
39,새우튀김,사이드,2000
39,어니언링,사이드,2000
39,감자튀김,사이드,2000
39,콜라,음료,700
40,빅맥세트,햄버거,6200
40,빅맥단품,햄버거,4700
40,메가맥세트,햄버거,7500
40,메가맥단품,햄버거,5800
40,1955버거세트,햄버거,7300
40,1955버거단품,햄버거,5700
40,쿼터파운더치즈세트,햄버거,4200
40,쿼터파운더치즈단품,햄버거,5200
40,베이컨토마토디럭스세트,햄버거,7100
40,베이컨토마토디럭스단품,햄버거,5300
40,맥스파이시상하이버거세트,햄버거,6200
40,맥스파이시상하이버거단품,햄버거,4700
40,디럭스슈림프버거세트,햄버거,6200
40,디럭스슈림프버거단품,햄버거,4300
40,더블1955버거,햄버거,6900
40,더블디럭스슈림프버거,햄버거,5800
40,더블쿼터파운더치즈,햄버거,6500
40,불고기버거,햄버거,2300
40,더블불고기버거,햄버거,4700
40,치즈버거,햄버거,2700
40,더블치즈버거,햄버거,4500
40,햄버거,햄버거,2100
40,맥윙4조각,사이드메뉴,4300
40,맥스파이시치킨텐더4조각,사이드메뉴,4800
40,맥윙8조각,사이드메뉴,8100
40,맥윙2조각,사이드메뉴,2500
40,맥너겟20조각,사이드메뉴,7700
40,맥너겟10조각,사이드메뉴,4500
40,맥스파이시치킨텐더8조각,사이드메뉴,8800
40,맥스파이시치킨텐더2조각,사이드메뉴,2700
40,스파이시비프스낵랩,사이드메뉴,2300
40,후렌치후라이,사이드메뉴,1800
40,파이애플후룻컵,사이드메뉴,1900
40,스위트칠리소스(맥너겟/텐더용),사이드메뉴,200
40,스위트앤사우어소스(맥너겟/텐더용),사이드메뉴,200
40,케이준소스(맥너겟/텐더용),사이드메뉴,200
40,스위트칠리소스(맥윙용),사이드메뉴,100
40,오레오맥플러리,사이드메뉴,2700
40,바닐라선데이아이스크림,사이드메뉴,1800
40,치킨스낵팩,사이드메뉴,7900
40,맥스파이시치킨스낵랩,사이드메뉴,2300
40,아메리카노s,음료,1800
40,아메리카노m,음료,2300
40,카페라떼s,음료,2200
40,카페라떼m,음료,2700
40,카푸치노s,음료,2200
40,카푸치노m,음료,2700
40,에스프레소,음료,1800
40,아이스카페라떼,음료,2700
40,아이스아메리카노,음료,2300
40,프리미엄로스트원두커피,음료,1300
40,아이스커피,음료,1300
40,콜라R,음료,1300
40,콜라R제로,음료,1300
40,스프라이트,음료,1300
40,환타,음료,1300
40,바닐라쉐이크,음료,2000
40,딸기쉐이크,음료,2000
40,초코쉐이크,음료,2000
40,오레지주스,음료,2100
40,우유,음료,1800
40,생수,음료,1300
40,에그맥머핀세트,모닝메뉴,4200
40,에그맥머핀콤보,모닝메뉴,3200
40,에그맥머핀단품,모닝메뉴,2800
40,베이컨에그맥머핀세트,모닝메뉴,4200
40,베이컨에그맥머핀단품,모닝메뉴,3000
40,베이컨토마토머핀세트,모닝메뉴,4300
40,베이컨토마토머핀단품,모닝메뉴,3100
40,소시지에그맥머핀세트,모닝메뉴,4200
40,소시지에그맥머핀단품,모닝메뉴,3000
40,소시지에그랩4+1팩,모닝메뉴,7200
40,소시지에그랩 단품,모닝메뉴,1800
40,블루베리 석류 스무디,음료,2800
40,딸기 바나나 스무디,음료,2800
40,모카 프라페(휘핑크림 없음),음료,2800
40,그린티 프라페(휘핑크림 없음),음료,2800
41,"""실속세트(왕족발,미니매운족발,주먹밥)""",세트류,30000
41,"""대박세트(왕족발,보쌈,매운왕족발)""",세트류,60000
41,"""반반세트(왕족발,보쌈,매운왕족발)""",세트류,40000
41,냉채족발,족발/보쌈,22000
41,왕족발대,족발/보쌈,25000
41,왕족발중,족발/보쌈,22000
41,왕족발소,족발/보쌈,20000
41,족발골뱅이,족발/보쌈,20000
41,매운왕족발,족발/보쌈,25000
41,미니매운족발대,족발/보쌈,18000
41,미니매운족발중,족발/보쌈,15000
41,보쌈대,족발/보쌈,25000
41,보쌈중,족발/보쌈,22000
41,보쌈소,족발/보쌈,20000
41,쟁반막국수,사이드/기타,6000
41,김범벅주먹밥(2인),사이드/기타,5000
41,소주,사이드/기타,2000
42,사이즈 : 대,모듬(족발+보쌈),45000
42,사이즈 : 중,모듬(족발+보쌈),35000
42,사이즈 : 특대,족발,42000
42,사이즈 : 대,족발,36000
42,사이즈 : 중,족발,30000
42,사이즈 : 소,족발,25000
42,사이즈 : 특대,보쌈,42000
42,사이즈 : 대,보쌈,36000
42,사이즈 : 중,보쌈,30000
42,사이즈 : 소,보쌈,25000
43,앞다리(대)+쟁반막국수+소주or콜라,족발(세트),36000
43,뒷다리(중)+쟁반막국수+소주or콜라,족발(세트),32000
43,핫바베큐족+쟁반막국수+소주or콜라,족발(세트),36000
43,오븐족+쟁반막국수+소주or콜라,족발(세트),36000
43,갈릭족+쟁반막국수+소주or콜라,족발(세트),36000
43,쟁반막국수,사이드,10000
43,모래집구이,사이드,10000
43,왕새우튀김,사이드,10000
43,고구마치즈스틱,사이드,10000
43,소주,사이드,2500
